date,station_id,location_name,request_lat,request_lon,sst,source,lat,lon
2023-05-01,171,Killary Harbour Inner,53.6,-9.75528,8.870000000000005,odyssea_l4_arco,53.6,-9.75528
2023-05-01,177,Mannin,53.45944,-10.07,10.100000000000023,odyssea_l4_arco,53.45944,-10.07
2023-05-01,184,Glenbeigh,52.06861,-9.95306,11.360000000000014,odyssea_l4_arco,52.06861,-9.95306
2023-05-01,190,Tahilla,51.8225,-9.82222,10.54000000000002,odyssea_l4_arco,51.8225,-9.82222
2023-05-01,216,Rosmoney,53.81944,-9.62,11.04000000000002,odyssea_l4_arco,53.81944,-9.62
2023-05-02,171,Killary Harbour Inner,53.6,-9.75528,9.399999999999977,odyssea_l4_arco,53.6,-9.75528
2023-05-02,177,Mannin,53.45944,-10.07,10.70999999999998,odyssea_l4_arco,53.45944,-10.07
2023-05-02,184,Glenbeigh,52.06861,-9.95306,11.660000000000025,odyssea_l4_arco,52.06861,-9.95306
2023-05-02,190,Tahilla,51.8225,-9.82222,10.620000000000005,odyssea_l4_arco,51.8225,-9.82222
2023-05-02,216,Rosmoney,53.81944,-9.62,10.990000000000009,odyssea_l4_arco,53.81944,-9.62
2023-05-03,171,Killary Harbour Inner,53.6,-9.75528,9.410000000000025,odyssea_l4_arco,53.6,-9.75528
2023-05-03,177,Mannin,53.45944,-10.07,10.70999999999998,odyssea_l4_arco,53.45944,-10.07
2023-05-03,184,Glenbeigh,52.06861,-9.95306,11.689999999999998,odyssea_l4_arco,52.06861,-9.95306
2023-05-03,190,Tahilla,51.8225,-9.82222,10.610000000000014,odyssea_l4_arco,51.8225,-9.82222
2023-05-03,216,Rosmoney,53.81944,-9.62,10.990000000000009,odyssea_l4_arco,53.81944,-9.62
2023-05-04,171,Killary Harbour Inner,53.6,-9.75528,9.910000000000025,odyssea_l4_arco,53.6,-9.75528
2023-05-04,177,Mannin,53.45944,-10.07,11.079999999999984,odyssea_l4_arco,53.45944,-10.07
2023-05-04,184,Glenbeigh,52.06861,-9.95306,11.70999999999998,odyssea_l4_arco,52.06861,-9.95306
2023-05-04,190,Tahilla,51.8225,-9.82222,10.589999999999975,odyssea_l4_arco,51.8225,-9.82222
2023-05-04,216,Rosmoney,53.81944,-9.62,11.379999999999995,odyssea_l4_arco,53.81944,-9.62
2023-05-05,171,Killary Harbour Inner,53.6,-9.75528,9.920000000000016,odyssea_l4_arco,53.6,-9.75528
2023-05-05,177,Mannin,53.45944,-10.07,11.079999999999984,odyssea_l4_arco,53.45944,-10.07
2023-05-05,184,Glenbeigh,52.06861,-9.95306,11.70999999999998,odyssea_l4_arco,52.06861,-9.95306
2023-05-05,190,Tahilla,51.8225,-9.82222,10.579999999999984,odyssea_l4_arco,51.8225,-9.82222
2023-05-05,216,Rosmoney,53.81944,-9.62,11.370000000000005,odyssea_l4_arco,53.81944,-9.62
2023-05-06,171,Killary Harbour Inner,53.6,-9.75528,9.839999999999975,odyssea_l4_arco,53.6,-9.75528
2023-05-06,177,Mannin,53.45944,-10.07,11.110000000000014,odyssea_l4_arco,53.45944,-10.07
2023-05-06,184,Glenbeigh,52.06861,-9.95306,11.79000000000002,odyssea_l4_arco,52.06861,-9.95306
2023-05-06,190,Tahilla,51.8225,-9.82222,10.600000000000023,odyssea_l4_arco,51.8225,-9.82222
2023-05-06,216,Rosmoney,53.81944,-9.62,11.329999999999984,odyssea_l4_arco,53.81944,-9.62
2023-05-07,171,Killary Harbour Inner,53.6,-9.75528,9.829999999999984,odyssea_l4_arco,53.6,-9.75528
2023-05-07,177,Mannin,53.45944,-10.07,11.009999999999991,odyssea_l4_arco,53.45944,-10.07
2023-05-07,184,Glenbeigh,52.06861,-9.95306,11.850000000000023,odyssea_l4_arco,52.06861,-9.95306
2023-05-07,190,Tahilla,51.8225,-9.82222,10.600000000000023,odyssea_l4_arco,51.8225,-9.82222
2023-05-07,216,Rosmoney,53.81944,-9.62,11.480000000000018,odyssea_l4_arco,53.81944,-9.62
2023-05-08,171,Killary Harbour Inner,53.6,-9.75528,9.829999999999984,odyssea_l4_arco,53.6,-9.75528
2023-05-08,177,Mannin,53.45944,-10.07,11.009999999999991,odyssea_l4_arco,53.45944,-10.07
2023-05-08,184,Glenbeigh,52.06861,-9.95306,11.860000000000014,odyssea_l4_arco,52.06861,-9.95306
2023-05-08,190,Tahilla,51.8225,-9.82222,10.600000000000023,odyssea_l4_arco,51.8225,-9.82222
2023-05-08,216,Rosmoney,53.81944,-9.62,11.480000000000018,odyssea_l4_arco,53.81944,-9.62
2023-05-09,171,Killary Harbour Inner,53.6,-9.75528,9.839999999999975,odyssea_l4_arco,53.6,-9.75528
2023-05-09,177,Mannin,53.45944,-10.07,11.529999999999973,odyssea_l4_arco,53.45944,-10.07
2023-05-09,184,Glenbeigh,52.06861,-9.95306,12.25,odyssea_l4_arco,52.06861,-9.95306
2023-05-09,190,Tahilla,51.8225,-9.82222,10.879999999999995,odyssea_l4_arco,51.8225,-9.82222
2023-05-09,216,Rosmoney,53.81944,-9.62,12.04000000000002,odyssea_l4_arco,53.81944,-9.62
2023-05-10,171,Killary Harbour Inner,53.6,-9.75528,9.839999999999975,odyssea_l4_arco,53.6,-9.75528
2023-05-10,177,Mannin,53.45944,-10.07,11.5,odyssea_l4_arco,53.45944,-10.07
2023-05-10,184,Glenbeigh,52.06861,-9.95306,12.220000000000027,odyssea_l4_arco,52.06861,-9.95306
2023-05-10,190,Tahilla,51.8225,-9.82222,11.300000000000011,odyssea_l4_arco,51.8225,-9.82222
2023-05-10,216,Rosmoney,53.81944,-9.62,12.0,odyssea_l4_arco,53.81944,-9.62
2023-05-11,171,Killary Harbour Inner,53.6,-9.75528,9.819999999999993,odyssea_l4_arco,53.6,-9.75528
2023-05-11,177,Mannin,53.45944,-10.07,11.389999999999986,odyssea_l4_arco,53.45944,-10.07
2023-05-11,184,Glenbeigh,52.06861,-9.95306,12.610000000000014,odyssea_l4_arco,52.06861,-9.95306
2023-05-11,190,Tahilla,51.8225,-9.82222,11.910000000000025,odyssea_l4_arco,51.8225,-9.82222
2023-05-11,216,Rosmoney,53.81944,-9.62,11.920000000000016,odyssea_l4_arco,53.81944,-9.62
2023-05-12,171,Killary Harbour Inner,53.6,-9.75528,10.129999999999995,odyssea_l4_arco,53.6,-9.75528
2023-05-12,177,Mannin,53.45944,-10.07,11.610000000000014,odyssea_l4_arco,53.45944,-10.07
2023-05-12,184,Glenbeigh,52.06861,-9.95306,12.620000000000005,odyssea_l4_arco,52.06861,-9.95306
2023-05-12,190,Tahilla,51.8225,-9.82222,12.20999999999998,odyssea_l4_arco,51.8225,-9.82222
2023-05-12,216,Rosmoney,53.81944,-9.62,11.930000000000007,odyssea_l4_arco,53.81944,-9.62
2023-05-13,171,Killary Harbour Inner,53.6,-9.75528,10.870000000000005,odyssea_l4_arco,53.6,-9.75528
2023-05-13,177,Mannin,53.45944,-10.07,12.100000000000023,odyssea_l4_arco,53.45944,-10.07
2023-05-13,184,Glenbeigh,52.06861,-9.95306,13.129999999999995,odyssea_l4_arco,52.06861,-9.95306
2023-05-13,190,Tahilla,51.8225,-9.82222,12.810000000000002,odyssea_l4_arco,51.8225,-9.82222
2023-05-13,216,Rosmoney,53.81944,-9.62,12.75,odyssea_l4_arco,53.81944,-9.62
2023-05-14,171,Killary Harbour Inner,53.6,-9.75528,10.879999999999995,odyssea_l4_arco,53.6,-9.75528
2023-05-14,177,Mannin,53.45944,-10.07,12.089999999999975,odyssea_l4_arco,53.45944,-10.07
2023-05-14,184,Glenbeigh,52.06861,-9.95306,13.129999999999995,odyssea_l4_arco,52.06861,-9.95306
2023-05-14,190,Tahilla,51.8225,-9.82222,12.810000000000002,odyssea_l4_arco,51.8225,-9.82222
2023-05-14,216,Rosmoney,53.81944,-9.62,12.70999999999998,odyssea_l4_arco,53.81944,-9.62
2023-05-15,171,Killary Harbour Inner,53.6,-9.75528,10.850000000000023,odyssea_l4_arco,53.6,-9.75528
2023-05-15,177,Mannin,53.45944,-10.07,11.769999999999982,odyssea_l4_arco,53.45944,-10.07
2023-05-15,184,Glenbeigh,52.06861,-9.95306,13.050000000000011,odyssea_l4_arco,52.06861,-9.95306
2023-05-15,190,Tahilla,51.8225,-9.82222,12.629999999999995,odyssea_l4_arco,51.8225,-9.82222
2023-05-15,216,Rosmoney,53.81944,-9.62,12.850000000000023,odyssea_l4_arco,53.81944,-9.62
2023-05-16,171,Killary Harbour Inner,53.6,-9.75528,10.850000000000023,odyssea_l4_arco,53.6,-9.75528
2023-05-16,177,Mannin,53.45944,-10.07,11.730000000000018,odyssea_l4_arco,53.45944,-10.07
2023-05-16,184,Glenbeigh,52.06861,-9.95306,12.920000000000016,odyssea_l4_arco,52.06861,-9.95306
2023-05-16,190,Tahilla,51.8225,-9.82222,12.529999999999973,odyssea_l4_arco,51.8225,-9.82222
2023-05-16,216,Rosmoney,53.81944,-9.62,12.850000000000023,odyssea_l4_arco,53.81944,-9.62
2023-05-17,171,Killary Harbour Inner,53.6,-9.75528,10.689999999999998,odyssea_l4_arco,53.6,-9.75528
2023-05-17,177,Mannin,53.45944,-10.07,11.779999999999973,odyssea_l4_arco,53.45944,-10.07
2023-05-17,184,Glenbeigh,52.06861,-9.95306,12.70999999999998,odyssea_l4_arco,52.06861,-9.95306
2023-05-17,190,Tahilla,51.8225,-9.82222,12.550000000000011,odyssea_l4_arco,51.8225,-9.82222
2023-05-17,216,Rosmoney,53.81944,-9.62,12.829999999999984,odyssea_l4_arco,53.81944,-9.62
2023-05-18,171,Killary Harbour Inner,53.6,-9.75528,11.170000000000016,odyssea_l4_arco,53.6,-9.75528
2023-05-18,177,Mannin,53.45944,-10.07,12.379999999999995,odyssea_l4_arco,53.45944,-10.07
2023-05-18,184,Glenbeigh,52.06861,-9.95306,13.45999999999998,odyssea_l4_arco,52.06861,-9.95306
2023-05-18,190,Tahilla,51.8225,-9.82222,12.610000000000014,odyssea_l4_arco,51.8225,-9.82222
2023-05-18,216,Rosmoney,53.81944,-9.62,13.439999999999998,odyssea_l4_arco,53.81944,-9.62
2023-05-19,171,Killary Harbour Inner,53.6,-9.75528,11.29000000000002,odyssea_l4_arco,53.6,-9.75528
2023-05-19,177,Mannin,53.45944,-10.07,12.25,odyssea_l4_arco,53.45944,-10.07
2023-05-19,184,Glenbeigh,52.06861,-9.95306,13.480000000000018,odyssea_l4_arco,52.06861,-9.95306
2023-05-19,190,Tahilla,51.8225,-9.82222,12.610000000000014,odyssea_l4_arco,51.8225,-9.82222
2023-05-19,216,Rosmoney,53.81944,-9.62,13.360000000000014,odyssea_l4_arco,53.81944,-9.62
2023-05-20,171,Killary Harbour Inner,53.6,-9.75528,11.300000000000011,odyssea_l4_arco,53.6,-9.75528
2023-05-20,177,Mannin,53.45944,-10.07,12.230000000000018,odyssea_l4_arco,53.45944,-10.07
2023-05-20,184,Glenbeigh,52.06861,-9.95306,13.480000000000018,odyssea_l4_arco,52.06861,-9.95306
2023-05-20,190,Tahilla,51.8225,-9.82222,12.620000000000005,odyssea_l4_arco,51.8225,-9.82222
2023-05-20,216,Rosmoney,53.81944,-9.62,13.360000000000014,odyssea_l4_arco,53.81944,-9.62
2023-05-21,171,Killary Harbour Inner,53.6,-9.75528,11.300000000000011,odyssea_l4_arco,53.6,-9.75528
2023-05-21,177,Mannin,53.45944,-10.07,12.379999999999995,odyssea_l4_arco,53.45944,-10.07
2023-05-21,184,Glenbeigh,52.06861,-9.95306,13.480000000000018,odyssea_l4_arco,52.06861,-9.95306
2023-05-21,190,Tahilla,51.8225,-9.82222,12.589999999999975,odyssea_l4_arco,51.8225,-9.82222
2023-05-21,216,Rosmoney,53.81944,-9.62,13.339999999999975,odyssea_l4_arco,53.81944,-9.62
2023-05-22,171,Killary Harbour Inner,53.6,-9.75528,11.360000000000014,odyssea_l4_arco,53.6,-9.75528
2023-05-22,177,Mannin,53.45944,-10.07,12.230000000000018,odyssea_l4_arco,53.45944,-10.07
2023-05-22,184,Glenbeigh,52.06861,-9.95306,13.480000000000018,odyssea_l4_arco,52.06861,-9.95306
2023-05-22,190,Tahilla,51.8225,-9.82222,12.589999999999975,odyssea_l4_arco,51.8225,-9.82222
2023-05-22,216,Rosmoney,53.81944,-9.62,13.20999999999998,odyssea_l4_arco,53.81944,-9.62
2023-05-23,171,Killary Harbour Inner,53.6,-9.75528,11.360000000000014,odyssea_l4_arco,53.6,-9.75528
2023-05-23,177,Mannin,53.45944,-10.07,12.20999999999998,odyssea_l4_arco,53.45944,-10.07
2023-05-23,184,Glenbeigh,52.06861,-9.95306,13.370000000000005,odyssea_l4_arco,52.06861,-9.95306
2023-05-23,190,Tahilla,51.8225,-9.82222,12.740000000000009,odyssea_l4_arco,51.8225,-9.82222
2023-05-23,216,Rosmoney,53.81944,-9.62,13.199999999999989,odyssea_l4_arco,53.81944,-9.62
2023-05-24,171,Killary Harbour Inner,53.6,-9.75528,11.360000000000014,odyssea_l4_arco,53.6,-9.75528
2023-05-24,177,Mannin,53.45944,-10.07,12.170000000000016,odyssea_l4_arco,53.45944,-10.07
2023-05-24,184,Glenbeigh,52.06861,-9.95306,13.410000000000025,odyssea_l4_arco,52.06861,-9.95306
2023-05-24,190,Tahilla,51.8225,-9.82222,12.980000000000018,odyssea_l4_arco,51.8225,-9.82222
2023-05-24,216,Rosmoney,53.81944,-9.62,13.089999999999975,odyssea_l4_arco,53.81944,-9.62
2023-05-25,171,Killary Harbour Inner,53.6,-9.75528,11.319999999999993,odyssea_l4_arco,53.6,-9.75528
2023-05-25,177,Mannin,53.45944,-10.07,11.970000000000027,odyssea_l4_arco,53.45944,-10.07
2023-05-25,184,Glenbeigh,52.06861,-9.95306,13.360000000000014,odyssea_l4_arco,52.06861,-9.95306
2023-05-25,190,Tahilla,51.8225,-9.82222,12.889999999999986,odyssea_l4_arco,51.8225,-9.82222
2023-05-25,216,Rosmoney,53.81944,-9.62,12.480000000000018,odyssea_l4_arco,53.81944,-9.62
2023-05-26,171,Killary Harbour Inner,53.6,-9.75528,12.329999999999984,odyssea_l4_arco,53.6,-9.75528
2023-05-26,177,Mannin,53.45944,-10.07,13.04000000000002,odyssea_l4_arco,53.45944,-10.07
2023-05-26,184,Glenbeigh,52.06861,-9.95306,13.600000000000023,odyssea_l4_arco,52.06861,-9.95306
2023-05-26,190,Tahilla,51.8225,-9.82222,13.089999999999975,odyssea_l4_arco,51.8225,-9.82222
2023-05-26,216,Rosmoney,53.81944,-9.62,14.060000000000002,odyssea_l4_arco,53.81944,-9.62
2023-05-27,171,Killary Harbour Inner,53.6,-9.75528,11.980000000000018,odyssea_l4_arco,53.6,-9.75528
2023-05-27,177,Mannin,53.45944,-10.07,13.0,odyssea_l4_arco,53.45944,-10.07
2023-05-27,184,Glenbeigh,52.06861,-9.95306,13.589999999999975,odyssea_l4_arco,52.06861,-9.95306
2023-05-27,190,Tahilla,51.8225,-9.82222,13.089999999999975,odyssea_l4_arco,51.8225,-9.82222
2023-05-27,216,Rosmoney,53.81944,-9.62,13.45999999999998,odyssea_l4_arco,53.81944,-9.62
2023-05-28,171,Killary Harbour Inner,53.6,-9.75528,12.129999999999995,odyssea_l4_arco,53.6,-9.75528
2023-05-28,177,Mannin,53.45944,-10.07,13.089999999999975,odyssea_l4_arco,53.45944,-10.07
2023-05-28,184,Glenbeigh,52.06861,-9.95306,13.509999999999991,odyssea_l4_arco,52.06861,-9.95306
2023-05-28,190,Tahilla,51.8225,-9.82222,13.600000000000023,odyssea_l4_arco,51.8225,-9.82222
2023-05-28,216,Rosmoney,53.81944,-9.62,13.649999999999977,odyssea_l4_arco,53.81944,-9.62
2023-05-29,171,Killary Harbour Inner,53.6,-9.75528,12.470000000000027,odyssea_l4_arco,53.6,-9.75528
2023-05-29,177,Mannin,53.45944,-10.07,13.5,odyssea_l4_arco,53.45944,-10.07
2023-05-29,184,Glenbeigh,52.06861,-9.95306,13.430000000000007,odyssea_l4_arco,52.06861,-9.95306
2023-05-29,190,Tahilla,51.8225,-9.82222,13.839999999999975,odyssea_l4_arco,51.8225,-9.82222
2023-05-29,216,Rosmoney,53.81944,-9.62,13.95999999999998,odyssea_l4_arco,53.81944,-9.62
2023-05-30,171,Killary Harbour Inner,53.6,-9.75528,12.629999999999995,odyssea_l4_arco,53.6,-9.75528
2023-05-30,177,Mannin,53.45944,-10.07,13.779999999999973,odyssea_l4_arco,53.45944,-10.07
2023-05-30,184,Glenbeigh,52.06861,-9.95306,13.860000000000014,odyssea_l4_arco,52.06861,-9.95306
2023-05-30,190,Tahilla,51.8225,-9.82222,14.139999999999986,odyssea_l4_arco,51.8225,-9.82222
2023-05-30,216,Rosmoney,53.81944,-9.62,14.329999999999984,odyssea_l4_arco,53.81944,-9.62
2023-05-31,171,Killary Harbour Inner,53.6,-9.75528,12.75,odyssea_l4_arco,53.6,-9.75528
2023-05-31,177,Mannin,53.45944,-10.07,13.649999999999977,odyssea_l4_arco,53.45944,-10.07
2023-05-31,184,Glenbeigh,52.06861,-9.95306,14.0,odyssea_l4_arco,52.06861,-9.95306
2023-05-31,190,Tahilla,51.8225,-9.82222,14.04000000000002,odyssea_l4_arco,51.8225,-9.82222
2023-05-31,216,Rosmoney,53.81944,-9.62,14.259999999999991,odyssea_l4_arco,53.81944,-9.62
2023-06-01,171,Killary Harbour Inner,53.6,-9.75528,12.79000000000002,odyssea_l4_arco,53.6,-9.75528
2023-06-01,177,Mannin,53.45944,-10.07,13.949999999999989,odyssea_l4_arco,53.45944,-10.07
2023-06-01,184,Glenbeigh,52.06861,-9.95306,14.060000000000002,odyssea_l4_arco,52.06861,-9.95306
2023-06-01,190,Tahilla,51.8225,-9.82222,14.189999999999998,odyssea_l4_arco,51.8225,-9.82222
2023-06-01,216,Rosmoney,53.81944,-9.62,14.110000000000014,odyssea_l4_arco,53.81944,-9.62
2023-06-02,171,Killary Harbour Inner,53.6,-9.75528,13.069999999999993,odyssea_l4_arco,53.6,-9.75528
2023-06-02,177,Mannin,53.45944,-10.07,14.199999999999989,odyssea_l4_arco,53.45944,-10.07
2023-06-02,184,Glenbeigh,52.06861,-9.95306,14.160000000000025,odyssea_l4_arco,52.06861,-9.95306
2023-06-02,190,Tahilla,51.8225,-9.82222,14.410000000000025,odyssea_l4_arco,51.8225,-9.82222
2023-06-02,216,Rosmoney,53.81944,-9.62,14.149999999999977,odyssea_l4_arco,53.81944,-9.62
2023-06-03,171,Killary Harbour Inner,53.6,-9.75528,13.029999999999973,odyssea_l4_arco,53.6,-9.75528
2023-06-03,177,Mannin,53.45944,-10.07,13.970000000000027,odyssea_l4_arco,53.45944,-10.07
2023-06-03,184,Glenbeigh,52.06861,-9.95306,14.730000000000018,odyssea_l4_arco,52.06861,-9.95306
2023-06-03,190,Tahilla,51.8225,-9.82222,14.410000000000025,odyssea_l4_arco,51.8225,-9.82222
2023-06-03,216,Rosmoney,53.81944,-9.62,14.120000000000005,odyssea_l4_arco,53.81944,-9.62
2023-06-04,171,Killary Harbour Inner,53.6,-9.75528,13.389999999999986,odyssea_l4_arco,53.6,-9.75528
2023-06-04,177,Mannin,53.45944,-10.07,14.199999999999989,odyssea_l4_arco,53.45944,-10.07
2023-06-04,184,Glenbeigh,52.06861,-9.95306,15.100000000000023,odyssea_l4_arco,52.06861,-9.95306
2023-06-04,190,Tahilla,51.8225,-9.82222,14.759999999999991,odyssea_l4_arco,51.8225,-9.82222
2023-06-04,216,Rosmoney,53.81944,-9.62,14.389999999999986,odyssea_l4_arco,53.81944,-9.62
2023-06-05,171,Killary Harbour Inner,53.6,-9.75528,13.800000000000011,odyssea_l4_arco,53.6,-9.75528
2023-06-05,177,Mannin,53.45944,-10.07,15.189999999999998,odyssea_l4_arco,53.45944,-10.07
2023-06-05,184,Glenbeigh,52.06861,-9.95306,15.389999999999986,odyssea_l4_arco,52.06861,-9.95306
2023-06-05,190,Tahilla,51.8225,-9.82222,14.990000000000009,odyssea_l4_arco,51.8225,-9.82222
2023-06-05,216,Rosmoney,53.81944,-9.62,14.519999999999982,odyssea_l4_arco,53.81944,-9.62
2023-06-06,171,Killary Harbour Inner,53.6,-9.75528,13.79000000000002,odyssea_l4_arco,53.6,-9.75528
2023-06-06,177,Mannin,53.45944,-10.07,14.829999999999984,odyssea_l4_arco,53.45944,-10.07
2023-06-06,184,Glenbeigh,52.06861,-9.95306,15.910000000000025,odyssea_l4_arco,52.06861,-9.95306
2023-06-06,190,Tahilla,51.8225,-9.82222,15.689999999999998,odyssea_l4_arco,51.8225,-9.82222
2023-06-06,216,Rosmoney,53.81944,-9.62,14.79000000000002,odyssea_l4_arco,53.81944,-9.62
2023-06-07,171,Killary Harbour Inner,53.6,-9.75528,13.680000000000007,odyssea_l4_arco,53.6,-9.75528
2023-06-07,177,Mannin,53.45944,-10.07,14.829999999999984,odyssea_l4_arco,53.45944,-10.07
2023-06-07,184,Glenbeigh,52.06861,-9.95306,16.420000000000016,odyssea_l4_arco,52.06861,-9.95306
2023-06-07,190,Tahilla,51.8225,-9.82222,16.170000000000016,odyssea_l4_arco,51.8225,-9.82222
2023-06-07,216,Rosmoney,53.81944,-9.62,14.620000000000005,odyssea_l4_arco,53.81944,-9.62
2023-06-08,171,Killary Harbour Inner,53.6,-9.75528,13.70999999999998,odyssea_l4_arco,53.6,-9.75528
2023-06-08,177,Mannin,53.45944,-10.07,14.610000000000014,odyssea_l4_arco,53.45944,-10.07
2023-06-08,184,Glenbeigh,52.06861,-9.95306,16.470000000000027,odyssea_l4_arco,52.06861,-9.95306
2023-06-08,190,Tahilla,51.8225,-9.82222,16.060000000000002,odyssea_l4_arco,51.8225,-9.82222
2023-06-08,216,Rosmoney,53.81944,-9.62,14.980000000000018,odyssea_l4_arco,53.81944,-9.62
2023-06-09,171,Killary Harbour Inner,53.6,-9.75528,14.079999999999984,odyssea_l4_arco,53.6,-9.75528
2023-06-09,177,Mannin,53.45944,-10.07,15.120000000000005,odyssea_l4_arco,53.45944,-10.07
2023-06-09,184,Glenbeigh,52.06861,-9.95306,16.149999999999977,odyssea_l4_arco,52.06861,-9.95306
2023-06-09,190,Tahilla,51.8225,-9.82222,16.04000000000002,odyssea_l4_arco,51.8225,-9.82222
2023-06-09,216,Rosmoney,53.81944,-9.62,15.0,odyssea_l4_arco,53.81944,-9.62
2023-06-10,171,Killary Harbour Inner,53.6,-9.75528,14.060000000000002,odyssea_l4_arco,53.6,-9.75528
2023-06-10,177,Mannin,53.45944,-10.07,14.899999999999977,odyssea_l4_arco,53.45944,-10.07
2023-06-10,184,Glenbeigh,52.06861,-9.95306,16.180000000000007,odyssea_l4_arco,52.06861,-9.95306
2023-06-10,190,Tahilla,51.8225,-9.82222,16.04000000000002,odyssea_l4_arco,51.8225,-9.82222
2023-06-10,216,Rosmoney,53.81944,-9.62,15.0,odyssea_l4_arco,53.81944,-9.62
2023-06-11,171,Killary Harbour Inner,53.6,-9.75528,14.060000000000002,odyssea_l4_arco,53.6,-9.75528
2023-06-11,177,Mannin,53.45944,-10.07,14.920000000000016,odyssea_l4_arco,53.45944,-10.07
2023-06-11,184,Glenbeigh,52.06861,-9.95306,16.189999999999998,odyssea_l4_arco,52.06861,-9.95306
2023-06-11,190,Tahilla,51.8225,-9.82222,16.019999999999982,odyssea_l4_arco,51.8225,-9.82222
2023-06-11,216,Rosmoney,53.81944,-9.62,14.990000000000009,odyssea_l4_arco,53.81944,-9.62
2023-06-12,171,Killary Harbour Inner,53.6,-9.75528,13.670000000000016,odyssea_l4_arco,53.6,-9.75528
2023-06-12,177,Mannin,53.45944,-10.07,14.050000000000011,odyssea_l4_arco,53.45944,-10.07
2023-06-12,184,Glenbeigh,52.06861,-9.95306,15.850000000000023,odyssea_l4_arco,52.06861,-9.95306
2023-06-12,190,Tahilla,51.8225,-9.82222,15.949999999999989,odyssea_l4_arco,51.8225,-9.82222
2023-06-12,216,Rosmoney,53.81944,-9.62,14.579999999999984,odyssea_l4_arco,53.81944,-9.62
2023-06-13,171,Killary Harbour Inner,53.6,-9.75528,14.439999999999998,odyssea_l4_arco,53.6,-9.75528
2023-06-13,177,Mannin,53.45944,-10.07,14.730000000000018,odyssea_l4_arco,53.45944,-10.07
2023-06-13,184,Glenbeigh,52.06861,-9.95306,16.370000000000005,odyssea_l4_arco,52.06861,-9.95306
2023-06-13,190,Tahilla,51.8225,-9.82222,16.29000000000002,odyssea_l4_arco,51.8225,-9.82222
2023-06-13,216,Rosmoney,53.81944,-9.62,14.910000000000025,odyssea_l4_arco,53.81944,-9.62
2023-06-14,171,Killary Harbour Inner,53.6,-9.75528,15.220000000000027,odyssea_l4_arco,53.6,-9.75528
2023-06-14,177,Mannin,53.45944,-10.07,15.70999999999998,odyssea_l4_arco,53.45944,-10.07
2023-06-14,184,Glenbeigh,52.06861,-9.95306,16.670000000000016,odyssea_l4_arco,52.06861,-9.95306
2023-06-14,190,Tahilla,51.8225,-9.82222,16.339999999999975,odyssea_l4_arco,51.8225,-9.82222
2023-06-14,216,Rosmoney,53.81944,-9.62,15.759999999999991,odyssea_l4_arco,53.81944,-9.62
2023-06-15,171,Killary Harbour Inner,53.6,-9.75528,15.480000000000018,odyssea_l4_arco,53.6,-9.75528
2023-06-15,177,Mannin,53.45944,-10.07,15.829999999999984,odyssea_l4_arco,53.45944,-10.07
2023-06-15,184,Glenbeigh,52.06861,-9.95306,16.660000000000025,odyssea_l4_arco,52.06861,-9.95306
2023-06-15,190,Tahilla,51.8225,-9.82222,16.529999999999973,odyssea_l4_arco,51.8225,-9.82222
2023-06-15,216,Rosmoney,53.81944,-9.62,16.269999999999982,odyssea_l4_arco,53.81944,-9.62
2023-06-16,171,Killary Harbour Inner,53.6,-9.75528,15.800000000000011,odyssea_l4_arco,53.6,-9.75528
2023-06-16,177,Mannin,53.45944,-10.07,16.30000000000001,odyssea_l4_arco,53.45944,-10.07
2023-06-16,184,Glenbeigh,52.06861,-9.95306,16.54000000000002,odyssea_l4_arco,52.06861,-9.95306
2023-06-16,190,Tahilla,51.8225,-9.82222,16.529999999999973,odyssea_l4_arco,51.8225,-9.82222
2023-06-16,216,Rosmoney,53.81944,-9.62,16.319999999999993,odyssea_l4_arco,53.81944,-9.62
2023-06-17,171,Killary Harbour Inner,53.6,-9.75528,15.810000000000002,odyssea_l4_arco,53.6,-9.75528
2023-06-17,177,Mannin,53.45944,-10.07,16.25,odyssea_l4_arco,53.45944,-10.07
2023-06-17,184,Glenbeigh,52.06861,-9.95306,16.629999999999995,odyssea_l4_arco,52.06861,-9.95306
2023-06-17,190,Tahilla,51.8225,-9.82222,16.620000000000005,odyssea_l4_arco,51.8225,-9.82222
2023-06-17,216,Rosmoney,53.81944,-9.62,16.420000000000016,odyssea_l4_arco,53.81944,-9.62
2023-06-18,171,Killary Harbour Inner,53.6,-9.75528,15.810000000000002,odyssea_l4_arco,53.6,-9.75528
2023-06-18,177,Mannin,53.45944,-10.07,16.279999999999973,odyssea_l4_arco,53.45944,-10.07
2023-06-18,184,Glenbeigh,52.06861,-9.95306,16.649999999999977,odyssea_l4_arco,52.06861,-9.95306
2023-06-18,190,Tahilla,51.8225,-9.82222,16.819999999999993,odyssea_l4_arco,51.8225,-9.82222
2023-06-18,216,Rosmoney,53.81944,-9.62,16.600000000000023,odyssea_l4_arco,53.81944,-9.62
2023-06-19,171,Killary Harbour Inner,53.6,-9.75528,15.610000000000014,odyssea_l4_arco,53.6,-9.75528
2023-06-19,177,Mannin,53.45944,-10.07,15.79000000000002,odyssea_l4_arco,53.45944,-10.07
2023-06-19,184,Glenbeigh,52.06861,-9.95306,17.269999999999982,odyssea_l4_arco,52.06861,-9.95306
2023-06-19,190,Tahilla,51.8225,-9.82222,17.470000000000027,odyssea_l4_arco,51.8225,-9.82222
2023-06-19,216,Rosmoney,53.81944,-9.62,16.610000000000014,odyssea_l4_arco,53.81944,-9.62
2023-06-20,171,Killary Harbour Inner,53.6,-9.75528,15.769999999999982,odyssea_l4_arco,53.6,-9.75528
2023-06-20,177,Mannin,53.45944,-10.07,16.360000000000014,odyssea_l4_arco,53.45944,-10.07
2023-06-20,184,Glenbeigh,52.06861,-9.95306,17.720000000000027,odyssea_l4_arco,52.06861,-9.95306
2023-06-20,190,Tahilla,51.8225,-9.82222,17.560000000000002,odyssea_l4_arco,51.8225,-9.82222
2023-06-20,216,Rosmoney,53.81944,-9.62,16.439999999999998,odyssea_l4_arco,53.81944,-9.62
2023-06-21,171,Killary Harbour Inner,53.6,-9.75528,15.730000000000018,odyssea_l4_arco,53.6,-9.75528
2023-06-21,177,Mannin,53.45944,-10.07,16.44999999999999,odyssea_l4_arco,53.45944,-10.07
2023-06-21,184,Glenbeigh,52.06861,-9.95306,18.00999999999999,odyssea_l4_arco,52.06861,-9.95306
2023-06-21,190,Tahilla,51.8225,-9.82222,17.600000000000023,odyssea_l4_arco,51.8225,-9.82222
2023-06-21,216,Rosmoney,53.81944,-9.62,16.689999999999998,odyssea_l4_arco,53.81944,-9.62
2023-06-22,171,Killary Harbour Inner,53.6,-9.75528,15.649999999999977,odyssea_l4_arco,53.6,-9.75528
2023-06-22,177,Mannin,53.45944,-10.07,15.899999999999977,odyssea_l4_arco,53.45944,-10.07
2023-06-22,184,Glenbeigh,52.06861,-9.95306,18.230000000000018,odyssea_l4_arco,52.06861,-9.95306
2023-06-22,190,Tahilla,51.8225,-9.82222,18.00999999999999,odyssea_l4_arco,51.8225,-9.82222
2023-06-22,216,Rosmoney,53.81944,-9.62,16.180000000000007,odyssea_l4_arco,53.81944,-9.62
2023-06-23,171,Killary Harbour Inner,53.6,-9.75528,15.670000000000016,odyssea_l4_arco,53.6,-9.75528
2023-06-23,177,Mannin,53.45944,-10.07,15.899999999999977,odyssea_l4_arco,53.45944,-10.07
2023-06-23,184,Glenbeigh,52.06861,-9.95306,18.24000000000001,odyssea_l4_arco,52.06861,-9.95306
2023-06-23,190,Tahilla,51.8225,-9.82222,18.029999999999973,odyssea_l4_arco,51.8225,-9.82222
2023-06-23,216,Rosmoney,53.81944,-9.62,16.689999999999998,odyssea_l4_arco,53.81944,-9.62
2023-06-24,171,Killary Harbour Inner,53.6,-9.75528,15.670000000000016,odyssea_l4_arco,53.6,-9.75528
2023-06-24,177,Mannin,53.45944,-10.07,15.860000000000014,odyssea_l4_arco,53.45944,-10.07
2023-06-24,184,Glenbeigh,52.06861,-9.95306,17.810000000000002,odyssea_l4_arco,52.06861,-9.95306
2023-06-24,190,Tahilla,51.8225,-9.82222,18.029999999999973,odyssea_l4_arco,51.8225,-9.82222
2023-06-24,216,Rosmoney,53.81944,-9.62,16.680000000000007,odyssea_l4_arco,53.81944,-9.62
2023-06-25,171,Killary Harbour Inner,53.6,-9.75528,15.660000000000025,odyssea_l4_arco,53.6,-9.75528
2023-06-25,177,Mannin,53.45944,-10.07,15.920000000000016,odyssea_l4_arco,53.45944,-10.07
2023-06-25,184,Glenbeigh,52.06861,-9.95306,17.730000000000018,odyssea_l4_arco,52.06861,-9.95306
2023-06-25,190,Tahilla,51.8225,-9.82222,17.94999999999999,odyssea_l4_arco,51.8225,-9.82222
2023-06-25,216,Rosmoney,53.81944,-9.62,16.670000000000016,odyssea_l4_arco,53.81944,-9.62
2023-06-26,171,Killary Harbour Inner,53.6,-9.75528,15.720000000000027,odyssea_l4_arco,53.6,-9.75528
2023-06-26,177,Mannin,53.45944,-10.07,16.139999999999986,odyssea_l4_arco,53.45944,-10.07
2023-06-26,184,Glenbeigh,52.06861,-9.95306,17.5,odyssea_l4_arco,52.06861,-9.95306
2023-06-26,190,Tahilla,51.8225,-9.82222,17.939999999999998,odyssea_l4_arco,51.8225,-9.82222
2023-06-26,216,Rosmoney,53.81944,-9.62,16.75999999999999,odyssea_l4_arco,53.81944,-9.62
2023-06-27,171,Killary Harbour Inner,53.6,-9.75528,15.730000000000018,odyssea_l4_arco,53.6,-9.75528
2023-06-27,177,Mannin,53.45944,-10.07,16.160000000000025,odyssea_l4_arco,53.45944,-10.07
2023-06-27,184,Glenbeigh,52.06861,-9.95306,17.519999999999982,odyssea_l4_arco,52.06861,-9.95306
2023-06-27,190,Tahilla,51.8225,-9.82222,17.939999999999998,odyssea_l4_arco,51.8225,-9.82222
2023-06-27,216,Rosmoney,53.81944,-9.62,16.75,odyssea_l4_arco,53.81944,-9.62
2023-06-28,171,Killary Harbour Inner,53.6,-9.75528,15.730000000000018,odyssea_l4_arco,53.6,-9.75528
2023-06-28,177,Mannin,53.45944,-10.07,16.180000000000007,odyssea_l4_arco,53.45944,-10.07
2023-06-28,184,Glenbeigh,52.06861,-9.95306,17.519999999999982,odyssea_l4_arco,52.06861,-9.95306
2023-06-28,190,Tahilla,51.8225,-9.82222,17.779999999999973,odyssea_l4_arco,51.8225,-9.82222
2023-06-28,216,Rosmoney,53.81944,-9.62,16.75,odyssea_l4_arco,53.81944,-9.62
2023-06-29,171,Killary Harbour Inner,53.6,-9.75528,15.740000000000009,odyssea_l4_arco,53.6,-9.75528
2023-06-29,177,Mannin,53.45944,-10.07,16.100000000000023,odyssea_l4_arco,53.45944,-10.07
2023-06-29,184,Glenbeigh,52.06861,-9.95306,17.54000000000002,odyssea_l4_arco,52.06861,-9.95306
2023-06-29,190,Tahilla,51.8225,-9.82222,17.94999999999999,odyssea_l4_arco,51.8225,-9.82222
2023-06-29,216,Rosmoney,53.81944,-9.62,16.70999999999998,odyssea_l4_arco,53.81944,-9.62
2023-06-30,171,Killary Harbour Inner,53.6,-9.75528,15.740000000000009,odyssea_l4_arco,53.6,-9.75528
2023-06-30,177,Mannin,53.45944,-10.07,16.110000000000014,odyssea_l4_arco,53.45944,-10.07
2023-06-30,184,Glenbeigh,52.06861,-9.95306,17.54000000000002,odyssea_l4_arco,52.06861,-9.95306
2023-06-30,190,Tahilla,51.8225,-9.82222,17.99000000000001,odyssea_l4_arco,51.8225,-9.82222
2023-06-30,216,Rosmoney,53.81944,-9.62,16.689999999999998,odyssea_l4_arco,53.81944,-9.62
2023-07-01,171,Killary Harbour Inner,53.6,-9.75528,15.45999999999998,odyssea_l4_arco,53.6,-9.75528
2023-07-01,177,Mannin,53.45944,-10.07,15.420000000000016,odyssea_l4_arco,53.45944,-10.07
2023-07-01,184,Glenbeigh,52.06861,-9.95306,17.060000000000002,odyssea_l4_arco,52.06861,-9.95306
2023-07-01,190,Tahilla,51.8225,-9.82222,17.75999999999999,odyssea_l4_arco,51.8225,-9.82222
2023-07-01,216,Rosmoney,53.81944,-9.62,16.44999999999999,odyssea_l4_arco,53.81944,-9.62
2023-07-02,171,Killary Harbour Inner,53.6,-9.75528,15.439999999999998,odyssea_l4_arco,53.6,-9.75528
2023-07-02,177,Mannin,53.45944,-10.07,15.45999999999998,odyssea_l4_arco,53.45944,-10.07
2023-07-02,184,Glenbeigh,52.06861,-9.95306,17.060000000000002,odyssea_l4_arco,52.06861,-9.95306
2023-07-02,190,Tahilla,51.8225,-9.82222,17.779999999999973,odyssea_l4_arco,51.8225,-9.82222
2023-07-02,216,Rosmoney,53.81944,-9.62,16.439999999999998,odyssea_l4_arco,53.81944,-9.62
2023-07-03,171,Killary Harbour Inner,53.6,-9.75528,15.600000000000023,odyssea_l4_arco,53.6,-9.75528
2023-07-03,177,Mannin,53.45944,-10.07,15.370000000000005,odyssea_l4_arco,53.45944,-10.07
2023-07-03,184,Glenbeigh,52.06861,-9.95306,16.80000000000001,odyssea_l4_arco,52.06861,-9.95306
2023-07-03,190,Tahilla,51.8225,-9.82222,17.660000000000025,odyssea_l4_arco,51.8225,-9.82222
2023-07-03,216,Rosmoney,53.81944,-9.62,16.069999999999993,odyssea_l4_arco,53.81944,-9.62
2023-07-04,171,Killary Harbour Inner,53.6,-9.75528,15.490000000000009,odyssea_l4_arco,53.6,-9.75528
2023-07-04,177,Mannin,53.45944,-10.07,15.339999999999975,odyssea_l4_arco,53.45944,-10.07
2023-07-04,184,Glenbeigh,52.06861,-9.95306,16.80000000000001,odyssea_l4_arco,52.06861,-9.95306
2023-07-04,190,Tahilla,51.8225,-9.82222,17.420000000000016,odyssea_l4_arco,51.8225,-9.82222
2023-07-04,216,Rosmoney,53.81944,-9.62,16.029999999999973,odyssea_l4_arco,53.81944,-9.62
2023-07-05,171,Killary Harbour Inner,53.6,-9.75528,15.439999999999998,odyssea_l4_arco,53.6,-9.75528
2023-07-05,177,Mannin,53.45944,-10.07,15.360000000000014,odyssea_l4_arco,53.45944,-10.07
2023-07-05,184,Glenbeigh,52.06861,-9.95306,16.779999999999973,odyssea_l4_arco,52.06861,-9.95306
2023-07-05,190,Tahilla,51.8225,-9.82222,17.389999999999986,odyssea_l4_arco,51.8225,-9.82222
2023-07-05,216,Rosmoney,53.81944,-9.62,16.029999999999973,odyssea_l4_arco,53.81944,-9.62
2023-07-06,171,Killary Harbour Inner,53.6,-9.75528,15.420000000000016,odyssea_l4_arco,53.6,-9.75528
2023-07-06,177,Mannin,53.45944,-10.07,15.370000000000005,odyssea_l4_arco,53.45944,-10.07
2023-07-06,184,Glenbeigh,52.06861,-9.95306,16.769999999999982,odyssea_l4_arco,52.06861,-9.95306
2023-07-06,190,Tahilla,51.8225,-9.82222,17.389999999999986,odyssea_l4_arco,51.8225,-9.82222
2023-07-06,216,Rosmoney,53.81944,-9.62,16.019999999999982,odyssea_l4_arco,53.81944,-9.62
2023-07-07,171,Killary Harbour Inner,53.6,-9.75528,15.420000000000016,odyssea_l4_arco,53.6,-9.75528
2023-07-07,177,Mannin,53.45944,-10.07,15.379999999999995,odyssea_l4_arco,53.45944,-10.07
2023-07-07,184,Glenbeigh,52.06861,-9.95306,16.730000000000018,odyssea_l4_arco,52.06861,-9.95306
2023-07-07,190,Tahilla,51.8225,-9.82222,17.389999999999986,odyssea_l4_arco,51.8225,-9.82222
2023-07-07,216,Rosmoney,53.81944,-9.62,16.019999999999982,odyssea_l4_arco,53.81944,-9.62
2023-07-08,171,Killary Harbour Inner,53.6,-9.75528,15.420000000000016,odyssea_l4_arco,53.6,-9.75528
2023-07-08,177,Mannin,53.45944,-10.07,15.430000000000007,odyssea_l4_arco,53.45944,-10.07
2023-07-08,184,Glenbeigh,52.06861,-9.95306,16.69999999999999,odyssea_l4_arco,52.06861,-9.95306
2023-07-08,190,Tahilla,51.8225,-9.82222,17.180000000000007,odyssea_l4_arco,51.8225,-9.82222
2023-07-08,216,Rosmoney,53.81944,-9.62,16.00999999999999,odyssea_l4_arco,53.81944,-9.62
2023-07-09,171,Killary Harbour Inner,53.6,-9.75528,15.470000000000027,odyssea_l4_arco,53.6,-9.75528
2023-07-09,177,Mannin,53.45944,-10.07,15.54000000000002,odyssea_l4_arco,53.45944,-10.07
2023-07-09,184,Glenbeigh,52.06861,-9.95306,16.769999999999982,odyssea_l4_arco,52.06861,-9.95306
2023-07-09,190,Tahilla,51.8225,-9.82222,17.160000000000025,odyssea_l4_arco,51.8225,-9.82222
2023-07-09,216,Rosmoney,53.81944,-9.62,16.180000000000007,odyssea_l4_arco,53.81944,-9.62
2023-07-10,171,Killary Harbour Inner,53.6,-9.75528,15.420000000000016,odyssea_l4_arco,53.6,-9.75528
2023-07-10,177,Mannin,53.45944,-10.07,15.769999999999982,odyssea_l4_arco,53.45944,-10.07
2023-07-10,184,Glenbeigh,52.06861,-9.95306,16.769999999999982,odyssea_l4_arco,52.06861,-9.95306
2023-07-10,190,Tahilla,51.8225,-9.82222,17.149999999999977,odyssea_l4_arco,51.8225,-9.82222
2023-07-10,216,Rosmoney,53.81944,-9.62,16.45999999999998,odyssea_l4_arco,53.81944,-9.62
2023-07-11,171,Killary Harbour Inner,53.6,-9.75528,15.529999999999973,odyssea_l4_arco,53.6,-9.75528
2023-07-11,177,Mannin,53.45944,-10.07,15.889999999999986,odyssea_l4_arco,53.45944,-10.07
2023-07-11,184,Glenbeigh,52.06861,-9.95306,16.850000000000023,odyssea_l4_arco,52.06861,-9.95306
2023-07-11,190,Tahilla,51.8225,-9.82222,16.519999999999982,odyssea_l4_arco,51.8225,-9.82222
2023-07-11,216,Rosmoney,53.81944,-9.62,16.360000000000014,odyssea_l4_arco,53.81944,-9.62
2023-07-12,171,Killary Harbour Inner,53.6,-9.75528,15.550000000000011,odyssea_l4_arco,53.6,-9.75528
2023-07-12,177,Mannin,53.45944,-10.07,15.870000000000005,odyssea_l4_arco,53.45944,-10.07
2023-07-12,184,Glenbeigh,52.06861,-9.95306,16.850000000000023,odyssea_l4_arco,52.06861,-9.95306
2023-07-12,190,Tahilla,51.8225,-9.82222,16.560000000000002,odyssea_l4_arco,51.8225,-9.82222
2023-07-12,216,Rosmoney,53.81944,-9.62,16.350000000000023,odyssea_l4_arco,53.81944,-9.62
2023-07-13,171,Killary Harbour Inner,53.6,-9.75528,15.54000000000002,odyssea_l4_arco,53.6,-9.75528
2023-07-13,177,Mannin,53.45944,-10.07,15.819999999999993,odyssea_l4_arco,53.45944,-10.07
2023-07-13,184,Glenbeigh,52.06861,-9.95306,16.920000000000016,odyssea_l4_arco,52.06861,-9.95306
2023-07-13,190,Tahilla,51.8225,-9.82222,16.529999999999973,odyssea_l4_arco,51.8225,-9.82222
2023-07-13,216,Rosmoney,53.81944,-9.62,16.329999999999984,odyssea_l4_arco,53.81944,-9.62
2023-07-14,171,Killary Harbour Inner,53.6,-9.75528,15.54000000000002,odyssea_l4_arco,53.6,-9.75528
2023-07-14,177,Mannin,53.45944,-10.07,15.829999999999984,odyssea_l4_arco,53.45944,-10.07
2023-07-14,184,Glenbeigh,52.06861,-9.95306,16.910000000000025,odyssea_l4_arco,52.06861,-9.95306
2023-07-14,190,Tahilla,51.8225,-9.82222,16.54000000000002,odyssea_l4_arco,51.8225,-9.82222
2023-07-14,216,Rosmoney,53.81944,-9.62,16.329999999999984,odyssea_l4_arco,53.81944,-9.62
2023-07-15,171,Killary Harbour Inner,53.6,-9.75528,15.54000000000002,odyssea_l4_arco,53.6,-9.75528
2023-07-15,177,Mannin,53.45944,-10.07,15.829999999999984,odyssea_l4_arco,53.45944,-10.07
2023-07-15,184,Glenbeigh,52.06861,-9.95306,16.899999999999977,odyssea_l4_arco,52.06861,-9.95306
2023-07-15,190,Tahilla,51.8225,-9.82222,16.879999999999995,odyssea_l4_arco,51.8225,-9.82222
2023-07-15,216,Rosmoney,53.81944,-9.62,16.319999999999993,odyssea_l4_arco,53.81944,-9.62
2023-07-16,171,Killary Harbour Inner,53.6,-9.75528,15.54000000000002,odyssea_l4_arco,53.6,-9.75528
2023-07-16,177,Mannin,53.45944,-10.07,15.829999999999984,odyssea_l4_arco,53.45944,-10.07
2023-07-16,184,Glenbeigh,52.06861,-9.95306,16.54000000000002,odyssea_l4_arco,52.06861,-9.95306
2023-07-16,190,Tahilla,51.8225,-9.82222,16.730000000000018,odyssea_l4_arco,51.8225,-9.82222
2023-07-16,216,Rosmoney,53.81944,-9.62,16.319999999999993,odyssea_l4_arco,53.81944,-9.62
2023-07-17,171,Killary Harbour Inner,53.6,-9.75528,15.579999999999984,odyssea_l4_arco,53.6,-9.75528
2023-07-17,177,Mannin,53.45944,-10.07,15.850000000000023,odyssea_l4_arco,53.45944,-10.07
2023-07-17,184,Glenbeigh,52.06861,-9.95306,16.55000000000001,odyssea_l4_arco,52.06861,-9.95306
2023-07-17,190,Tahilla,51.8225,-9.82222,16.720000000000027,odyssea_l4_arco,51.8225,-9.82222
2023-07-17,216,Rosmoney,53.81944,-9.62,16.329999999999984,odyssea_l4_arco,53.81944,-9.62
2023-07-18,171,Killary Harbour Inner,53.6,-9.75528,15.579999999999984,odyssea_l4_arco,53.6,-9.75528
2023-07-18,177,Mannin,53.45944,-10.07,15.850000000000023,odyssea_l4_arco,53.45944,-10.07
2023-07-18,184,Glenbeigh,52.06861,-9.95306,16.54000000000002,odyssea_l4_arco,52.06861,-9.95306
2023-07-18,190,Tahilla,51.8225,-9.82222,16.69999999999999,odyssea_l4_arco,51.8225,-9.82222
2023-07-18,216,Rosmoney,53.81944,-9.62,16.329999999999984,odyssea_l4_arco,53.81944,-9.62
2023-07-19,171,Killary Harbour Inner,53.6,-9.75528,15.75,odyssea_l4_arco,53.6,-9.75528
2023-07-19,177,Mannin,53.45944,-10.07,15.75,odyssea_l4_arco,53.45944,-10.07
2023-07-19,184,Glenbeigh,52.06861,-9.95306,16.54000000000002,odyssea_l4_arco,52.06861,-9.95306
2023-07-19,190,Tahilla,51.8225,-9.82222,16.600000000000023,odyssea_l4_arco,51.8225,-9.82222
2023-07-19,216,Rosmoney,53.81944,-9.62,16.54000000000002,odyssea_l4_arco,53.81944,-9.62
2023-07-20,171,Killary Harbour Inner,53.6,-9.75528,15.720000000000027,odyssea_l4_arco,53.6,-9.75528
2023-07-20,177,Mannin,53.45944,-10.07,15.889999999999986,odyssea_l4_arco,53.45944,-10.07
2023-07-20,184,Glenbeigh,52.06861,-9.95306,16.439999999999998,odyssea_l4_arco,52.06861,-9.95306
2023-07-20,190,Tahilla,51.8225,-9.82222,16.19999999999999,odyssea_l4_arco,51.8225,-9.82222
2023-07-20,216,Rosmoney,53.81944,-9.62,16.589999999999975,odyssea_l4_arco,53.81944,-9.62
2023-07-21,171,Killary Harbour Inner,53.6,-9.75528,15.70999999999998,odyssea_l4_arco,53.6,-9.75528
2023-07-21,177,Mannin,53.45944,-10.07,15.870000000000005,odyssea_l4_arco,53.45944,-10.07
2023-07-21,184,Glenbeigh,52.06861,-9.95306,16.420000000000016,odyssea_l4_arco,52.06861,-9.95306
2023-07-21,190,Tahilla,51.8225,-9.82222,16.20999999999998,odyssea_l4_arco,51.8225,-9.82222
2023-07-21,216,Rosmoney,53.81944,-9.62,16.579999999999984,odyssea_l4_arco,53.81944,-9.62
2023-07-22,171,Killary Harbour Inner,53.6,-9.75528,15.70999999999998,odyssea_l4_arco,53.6,-9.75528
2023-07-22,177,Mannin,53.45944,-10.07,15.850000000000023,odyssea_l4_arco,53.45944,-10.07
2023-07-22,184,Glenbeigh,52.06861,-9.95306,16.399999999999977,odyssea_l4_arco,52.06861,-9.95306
2023-07-22,190,Tahilla,51.8225,-9.82222,16.20999999999998,odyssea_l4_arco,51.8225,-9.82222
2023-07-22,216,Rosmoney,53.81944,-9.62,16.569999999999993,odyssea_l4_arco,53.81944,-9.62
2023-07-23,171,Killary Harbour Inner,53.6,-9.75528,15.70999999999998,odyssea_l4_arco,53.6,-9.75528
2023-07-23,177,Mannin,53.45944,-10.07,15.829999999999984,odyssea_l4_arco,53.45944,-10.07
2023-07-23,184,Glenbeigh,52.06861,-9.95306,16.319999999999993,odyssea_l4_arco,52.06861,-9.95306
2023-07-23,190,Tahilla,51.8225,-9.82222,16.220000000000027,odyssea_l4_arco,51.8225,-9.82222
2023-07-23,216,Rosmoney,53.81944,-9.62,16.560000000000002,odyssea_l4_arco,53.81944,-9.62
2023-07-24,171,Killary Harbour Inner,53.6,-9.75528,15.550000000000011,odyssea_l4_arco,53.6,-9.75528
2023-07-24,177,Mannin,53.45944,-10.07,15.769999999999982,odyssea_l4_arco,53.45944,-10.07
2023-07-24,184,Glenbeigh,52.06861,-9.95306,16.350000000000023,odyssea_l4_arco,52.06861,-9.95306
2023-07-24,190,Tahilla,51.8225,-9.82222,16.45999999999998,odyssea_l4_arco,51.8225,-9.82222
2023-07-24,216,Rosmoney,53.81944,-9.62,16.29000000000002,odyssea_l4_arco,53.81944,-9.62
2023-07-25,171,Killary Harbour Inner,53.6,-9.75528,15.430000000000007,odyssea_l4_arco,53.6,-9.75528
2023-07-25,177,Mannin,53.45944,-10.07,15.600000000000023,odyssea_l4_arco,53.45944,-10.07
2023-07-25,184,Glenbeigh,52.06861,-9.95306,16.329999999999984,odyssea_l4_arco,52.06861,-9.95306
2023-07-25,190,Tahilla,51.8225,-9.82222,16.339999999999975,odyssea_l4_arco,51.8225,-9.82222
2023-07-25,216,Rosmoney,53.81944,-9.62,16.19999999999999,odyssea_l4_arco,53.81944,-9.62
2023-07-26,171,Killary Harbour Inner,53.6,-9.75528,15.439999999999998,odyssea_l4_arco,53.6,-9.75528
2023-07-26,177,Mannin,53.45944,-10.07,15.579999999999984,odyssea_l4_arco,53.45944,-10.07
2023-07-26,184,Glenbeigh,52.06861,-9.95306,16.319999999999993,odyssea_l4_arco,52.06861,-9.95306
2023-07-26,190,Tahilla,51.8225,-9.82222,16.350000000000023,odyssea_l4_arco,51.8225,-9.82222
2023-07-26,216,Rosmoney,53.81944,-9.62,16.319999999999993,odyssea_l4_arco,53.81944,-9.62
2023-07-27,171,Killary Harbour Inner,53.6,-9.75528,15.339999999999975,odyssea_l4_arco,53.6,-9.75528
2023-07-27,177,Mannin,53.45944,-10.07,15.470000000000027,odyssea_l4_arco,53.45944,-10.07
2023-07-27,184,Glenbeigh,52.06861,-9.95306,15.889999999999986,odyssea_l4_arco,52.06861,-9.95306
2023-07-27,190,Tahilla,51.8225,-9.82222,16.189999999999998,odyssea_l4_arco,51.8225,-9.82222
2023-07-27,216,Rosmoney,53.81944,-9.62,16.19999999999999,odyssea_l4_arco,53.81944,-9.62
2023-07-28,171,Killary Harbour Inner,53.6,-9.75528,15.350000000000023,odyssea_l4_arco,53.6,-9.75528
2023-07-28,177,Mannin,53.45944,-10.07,15.689999999999998,odyssea_l4_arco,53.45944,-10.07
2023-07-28,184,Glenbeigh,52.06861,-9.95306,15.879999999999995,odyssea_l4_arco,52.06861,-9.95306
2023-07-28,190,Tahilla,51.8225,-9.82222,16.170000000000016,odyssea_l4_arco,51.8225,-9.82222
2023-07-28,216,Rosmoney,53.81944,-9.62,16.350000000000023,odyssea_l4_arco,53.81944,-9.62
2023-07-29,171,Killary Harbour Inner,53.6,-9.75528,15.410000000000025,odyssea_l4_arco,53.6,-9.75528
2023-07-29,177,Mannin,53.45944,-10.07,15.75,odyssea_l4_arco,53.45944,-10.07
2023-07-29,184,Glenbeigh,52.06861,-9.95306,16.29000000000002,odyssea_l4_arco,52.06861,-9.95306
2023-07-29,190,Tahilla,51.8225,-9.82222,16.149999999999977,odyssea_l4_arco,51.8225,-9.82222
2023-07-29,216,Rosmoney,53.81944,-9.62,16.329999999999984,odyssea_l4_arco,53.81944,-9.62
2023-07-30,171,Killary Harbour Inner,53.6,-9.75528,15.399999999999977,odyssea_l4_arco,53.6,-9.75528
2023-07-30,177,Mannin,53.45944,-10.07,15.720000000000027,odyssea_l4_arco,53.45944,-10.07
2023-07-30,184,Glenbeigh,52.06861,-9.95306,16.420000000000016,odyssea_l4_arco,52.06861,-9.95306
2023-07-30,190,Tahilla,51.8225,-9.82222,16.139999999999986,odyssea_l4_arco,51.8225,-9.82222
2023-07-30,216,Rosmoney,53.81944,-9.62,16.069999999999993,odyssea_l4_arco,53.81944,-9.62
2023-07-31,171,Killary Harbour Inner,53.6,-9.75528,15.399999999999977,odyssea_l4_arco,53.6,-9.75528
2023-07-31,177,Mannin,53.45944,-10.07,15.699999999999989,odyssea_l4_arco,53.45944,-10.07
2023-07-31,184,Glenbeigh,52.06861,-9.95306,16.420000000000016,odyssea_l4_arco,52.06861,-9.95306
2023-07-31,190,Tahilla,51.8225,-9.82222,16.149999999999977,odyssea_l4_arco,51.8225,-9.82222
2023-07-31,216,Rosmoney,53.81944,-9.62,16.069999999999993,odyssea_l4_arco,53.81944,-9.62
2023-08-01,171,Killary Harbour Inner,53.6,-9.75528,15.420000000000016,odyssea_l4_arco,53.6,-9.75528
2023-08-01,177,Mannin,53.45944,-10.07,15.660000000000025,odyssea_l4_arco,53.45944,-10.07
2023-08-01,184,Glenbeigh,52.06861,-9.95306,16.75999999999999,odyssea_l4_arco,52.06861,-9.95306
2023-08-01,190,Tahilla,51.8225,-9.82222,16.160000000000025,odyssea_l4_arco,51.8225,-9.82222
2023-08-01,216,Rosmoney,53.81944,-9.62,16.069999999999993,odyssea_l4_arco,53.81944,-9.62
2023-08-02,171,Killary Harbour Inner,53.6,-9.75528,15.420000000000016,odyssea_l4_arco,53.6,-9.75528
2023-08-02,177,Mannin,53.45944,-10.07,15.529999999999973,odyssea_l4_arco,53.45944,-10.07
2023-08-02,184,Glenbeigh,52.06861,-9.95306,16.769999999999982,odyssea_l4_arco,52.06861,-9.95306
2023-08-02,190,Tahilla,51.8225,-9.82222,16.149999999999977,odyssea_l4_arco,51.8225,-9.82222
2023-08-02,216,Rosmoney,53.81944,-9.62,16.060000000000002,odyssea_l4_arco,53.81944,-9.62
2023-08-03,171,Killary Harbour Inner,53.6,-9.75528,15.420000000000016,odyssea_l4_arco,53.6,-9.75528
2023-08-03,177,Mannin,53.45944,-10.07,15.529999999999973,odyssea_l4_arco,53.45944,-10.07
2023-08-03,184,Glenbeigh,52.06861,-9.95306,16.769999999999982,odyssea_l4_arco,52.06861,-9.95306
2023-08-03,190,Tahilla,51.8225,-9.82222,16.160000000000025,odyssea_l4_arco,51.8225,-9.82222
2023-08-03,216,Rosmoney,53.81944,-9.62,16.060000000000002,odyssea_l4_arco,53.81944,-9.62
2023-08-04,171,Killary Harbour Inner,53.6,-9.75528,15.410000000000025,odyssea_l4_arco,53.6,-9.75528
2023-08-04,177,Mannin,53.45944,-10.07,15.360000000000014,odyssea_l4_arco,53.45944,-10.07
2023-08-04,184,Glenbeigh,52.06861,-9.95306,16.779999999999973,odyssea_l4_arco,52.06861,-9.95306
2023-08-04,190,Tahilla,51.8225,-9.82222,16.129999999999995,odyssea_l4_arco,51.8225,-9.82222
2023-08-04,216,Rosmoney,53.81944,-9.62,16.100000000000023,odyssea_l4_arco,53.81944,-9.62
2023-08-05,171,Killary Harbour Inner,53.6,-9.75528,15.410000000000025,odyssea_l4_arco,53.6,-9.75528
2023-08-05,177,Mannin,53.45944,-10.07,15.339999999999975,odyssea_l4_arco,53.45944,-10.07
2023-08-05,184,Glenbeigh,52.06861,-9.95306,15.95999999999998,odyssea_l4_arco,52.06861,-9.95306
2023-08-05,190,Tahilla,51.8225,-9.82222,15.379999999999995,odyssea_l4_arco,51.8225,-9.82222
2023-08-05,216,Rosmoney,53.81944,-9.62,15.930000000000007,odyssea_l4_arco,53.81944,-9.62
2023-08-06,171,Killary Harbour Inner,53.6,-9.75528,15.379999999999995,odyssea_l4_arco,53.6,-9.75528
2023-08-06,177,Mannin,53.45944,-10.07,15.339999999999975,odyssea_l4_arco,53.45944,-10.07
2023-08-06,184,Glenbeigh,52.06861,-9.95306,16.189999999999998,odyssea_l4_arco,52.06861,-9.95306
2023-08-06,190,Tahilla,51.8225,-9.82222,15.610000000000014,odyssea_l4_arco,51.8225,-9.82222
2023-08-06,216,Rosmoney,53.81944,-9.62,15.850000000000023,odyssea_l4_arco,53.81944,-9.62
2023-08-07,171,Killary Harbour Inner,53.6,-9.75528,15.370000000000005,odyssea_l4_arco,53.6,-9.75528
2023-08-07,177,Mannin,53.45944,-10.07,15.329999999999984,odyssea_l4_arco,53.45944,-10.07
2023-08-07,184,Glenbeigh,52.06861,-9.95306,16.189999999999998,odyssea_l4_arco,52.06861,-9.95306
2023-08-07,190,Tahilla,51.8225,-9.82222,15.720000000000027,odyssea_l4_arco,51.8225,-9.82222
2023-08-07,216,Rosmoney,53.81944,-9.62,15.850000000000023,odyssea_l4_arco,53.81944,-9.62
2023-08-08,171,Killary Harbour Inner,53.6,-9.75528,15.360000000000014,odyssea_l4_arco,53.6,-9.75528
2023-08-08,177,Mannin,53.45944,-10.07,15.350000000000023,odyssea_l4_arco,53.45944,-10.07
2023-08-08,184,Glenbeigh,52.06861,-9.95306,16.189999999999998,odyssea_l4_arco,52.06861,-9.95306
2023-08-08,190,Tahilla,51.8225,-9.82222,15.730000000000018,odyssea_l4_arco,51.8225,-9.82222
2023-08-08,216,Rosmoney,53.81944,-9.62,15.839999999999975,odyssea_l4_arco,53.81944,-9.62
2023-08-09,171,Killary Harbour Inner,53.6,-9.75528,15.360000000000014,odyssea_l4_arco,53.6,-9.75528
2023-08-09,177,Mannin,53.45944,-10.07,15.430000000000007,odyssea_l4_arco,53.45944,-10.07
2023-08-09,184,Glenbeigh,52.06861,-9.95306,15.889999999999986,odyssea_l4_arco,52.06861,-9.95306
2023-08-09,190,Tahilla,51.8225,-9.82222,15.730000000000018,odyssea_l4_arco,51.8225,-9.82222
2023-08-09,216,Rosmoney,53.81944,-9.62,15.860000000000014,odyssea_l4_arco,53.81944,-9.62
2023-08-10,171,Killary Harbour Inner,53.6,-9.75528,15.759999999999991,odyssea_l4_arco,53.6,-9.75528
2023-08-10,177,Mannin,53.45944,-10.07,15.939999999999998,odyssea_l4_arco,53.45944,-10.07
2023-08-10,184,Glenbeigh,52.06861,-9.95306,16.720000000000027,odyssea_l4_arco,52.06861,-9.95306
2023-08-10,190,Tahilla,51.8225,-9.82222,16.0,odyssea_l4_arco,51.8225,-9.82222
2023-08-10,216,Rosmoney,53.81944,-9.62,16.560000000000002,odyssea_l4_arco,53.81944,-9.62
2023-08-11,171,Killary Harbour Inner,53.6,-9.75528,15.449999999999989,odyssea_l4_arco,53.6,-9.75528
2023-08-11,177,Mannin,53.45944,-10.07,16.00999999999999,odyssea_l4_arco,53.45944,-10.07
2023-08-11,184,Glenbeigh,52.06861,-9.95306,16.810000000000002,odyssea_l4_arco,52.06861,-9.95306
2023-08-11,190,Tahilla,51.8225,-9.82222,16.329999999999984,odyssea_l4_arco,51.8225,-9.82222
2023-08-11,216,Rosmoney,53.81944,-9.62,16.389999999999986,odyssea_l4_arco,53.81944,-9.62
2023-08-12,171,Killary Harbour Inner,53.6,-9.75528,15.449999999999989,odyssea_l4_arco,53.6,-9.75528
2023-08-12,177,Mannin,53.45944,-10.07,15.95999999999998,odyssea_l4_arco,53.45944,-10.07
2023-08-12,184,Glenbeigh,52.06861,-9.95306,16.50999999999999,odyssea_l4_arco,52.06861,-9.95306
2023-08-12,190,Tahilla,51.8225,-9.82222,16.060000000000002,odyssea_l4_arco,51.8225,-9.82222
2023-08-12,216,Rosmoney,53.81944,-9.62,16.310000000000002,odyssea_l4_arco,53.81944,-9.62
2023-08-13,171,Killary Harbour Inner,53.6,-9.75528,15.449999999999989,odyssea_l4_arco,53.6,-9.75528
2023-08-13,177,Mannin,53.45944,-10.07,15.889999999999986,odyssea_l4_arco,53.45944,-10.07
2023-08-13,184,Glenbeigh,52.06861,-9.95306,16.50999999999999,odyssea_l4_arco,52.06861,-9.95306
2023-08-13,190,Tahilla,51.8225,-9.82222,16.04000000000002,odyssea_l4_arco,51.8225,-9.82222
2023-08-13,216,Rosmoney,53.81944,-9.62,16.24000000000001,odyssea_l4_arco,53.81944,-9.62
2023-08-14,171,Killary Harbour Inner,53.6,-9.75528,15.449999999999989,odyssea_l4_arco,53.6,-9.75528
2023-08-14,177,Mannin,53.45944,-10.07,15.889999999999986,odyssea_l4_arco,53.45944,-10.07
2023-08-14,184,Glenbeigh,52.06861,-9.95306,16.649999999999977,odyssea_l4_arco,52.06861,-9.95306
2023-08-14,190,Tahilla,51.8225,-9.82222,16.430000000000007,odyssea_l4_arco,51.8225,-9.82222
2023-08-14,216,Rosmoney,53.81944,-9.62,16.19999999999999,odyssea_l4_arco,53.81944,-9.62
2023-08-15,171,Killary Harbour Inner,53.6,-9.75528,15.45999999999998,odyssea_l4_arco,53.6,-9.75528
2023-08-15,177,Mannin,53.45944,-10.07,16.189999999999998,odyssea_l4_arco,53.45944,-10.07
2023-08-15,184,Glenbeigh,52.06861,-9.95306,16.75,odyssea_l4_arco,52.06861,-9.95306
2023-08-15,190,Tahilla,51.8225,-9.82222,16.20999999999998,odyssea_l4_arco,51.8225,-9.82222
2023-08-15,216,Rosmoney,53.81944,-9.62,16.24000000000001,odyssea_l4_arco,53.81944,-9.62
2023-08-16,171,Killary Harbour Inner,53.6,-9.75528,15.439999999999998,odyssea_l4_arco,53.6,-9.75528
2023-08-16,177,Mannin,53.45944,-10.07,16.45999999999998,odyssea_l4_arco,53.45944,-10.07
2023-08-16,184,Glenbeigh,52.06861,-9.95306,17.149999999999977,odyssea_l4_arco,52.06861,-9.95306
2023-08-16,190,Tahilla,51.8225,-9.82222,16.110000000000014,odyssea_l4_arco,51.8225,-9.82222
2023-08-16,216,Rosmoney,53.81944,-9.62,16.410000000000025,odyssea_l4_arco,53.81944,-9.62
2023-08-17,171,Killary Harbour Inner,53.6,-9.75528,15.420000000000016,odyssea_l4_arco,53.6,-9.75528
2023-08-17,177,Mannin,53.45944,-10.07,16.50999999999999,odyssea_l4_arco,53.45944,-10.07
2023-08-17,184,Glenbeigh,52.06861,-9.95306,17.180000000000007,odyssea_l4_arco,52.06861,-9.95306
2023-08-17,190,Tahilla,51.8225,-9.82222,16.149999999999977,odyssea_l4_arco,51.8225,-9.82222
2023-08-17,216,Rosmoney,53.81944,-9.62,16.25,odyssea_l4_arco,53.81944,-9.62
2023-08-18,171,Killary Harbour Inner,53.6,-9.75528,15.420000000000016,odyssea_l4_arco,53.6,-9.75528
2023-08-18,177,Mannin,53.45944,-10.07,16.49000000000001,odyssea_l4_arco,53.45944,-10.07
2023-08-18,184,Glenbeigh,52.06861,-9.95306,17.170000000000016,odyssea_l4_arco,52.06861,-9.95306
2023-08-18,190,Tahilla,51.8225,-9.82222,16.139999999999986,odyssea_l4_arco,51.8225,-9.82222
2023-08-18,216,Rosmoney,53.81944,-9.62,16.25999999999999,odyssea_l4_arco,53.81944,-9.62
2023-08-19,171,Killary Harbour Inner,53.6,-9.75528,15.420000000000016,odyssea_l4_arco,53.6,-9.75528
2023-08-19,177,Mannin,53.45944,-10.07,16.480000000000018,odyssea_l4_arco,53.45944,-10.07
2023-08-19,184,Glenbeigh,52.06861,-9.95306,17.180000000000007,odyssea_l4_arco,52.06861,-9.95306
2023-08-19,190,Tahilla,51.8225,-9.82222,16.120000000000005,odyssea_l4_arco,51.8225,-9.82222
2023-08-19,216,Rosmoney,53.81944,-9.62,16.25999999999999,odyssea_l4_arco,53.81944,-9.62
2023-08-20,171,Killary Harbour Inner,53.6,-9.75528,15.360000000000014,odyssea_l4_arco,53.6,-9.75528
2023-08-20,177,Mannin,53.45944,-10.07,16.19999999999999,odyssea_l4_arco,53.45944,-10.07
2023-08-20,184,Glenbeigh,52.06861,-9.95306,16.74000000000001,odyssea_l4_arco,52.06861,-9.95306
2023-08-20,190,Tahilla,51.8225,-9.82222,16.060000000000002,odyssea_l4_arco,51.8225,-9.82222
2023-08-20,216,Rosmoney,53.81944,-9.62,16.220000000000027,odyssea_l4_arco,53.81944,-9.62
2023-08-21,171,Killary Harbour Inner,53.6,-9.75528,15.300000000000011,odyssea_l4_arco,53.6,-9.75528
2023-08-21,177,Mannin,53.45944,-10.07,16.230000000000018,odyssea_l4_arco,53.45944,-10.07
2023-08-21,184,Glenbeigh,52.06861,-9.95306,16.139999999999986,odyssea_l4_arco,52.06861,-9.95306
2023-08-21,190,Tahilla,51.8225,-9.82222,15.879999999999995,odyssea_l4_arco,51.8225,-9.82222
2023-08-21,216,Rosmoney,53.81944,-9.62,16.310000000000002,odyssea_l4_arco,53.81944,-9.62
2023-08-22,171,Killary Harbour Inner,53.6,-9.75528,15.300000000000011,odyssea_l4_arco,53.6,-9.75528
2023-08-22,177,Mannin,53.45944,-10.07,16.29000000000002,odyssea_l4_arco,53.45944,-10.07
2023-08-22,184,Glenbeigh,52.06861,-9.95306,16.20999999999998,odyssea_l4_arco,52.06861,-9.95306
2023-08-22,190,Tahilla,51.8225,-9.82222,15.899999999999977,odyssea_l4_arco,51.8225,-9.82222
2023-08-22,216,Rosmoney,53.81944,-9.62,16.310000000000002,odyssea_l4_arco,53.81944,-9.62
2023-08-23,171,Killary Harbour Inner,53.6,-9.75528,15.29000000000002,odyssea_l4_arco,53.6,-9.75528
2023-08-23,177,Mannin,53.45944,-10.07,16.29000000000002,odyssea_l4_arco,53.45944,-10.07
2023-08-23,184,Glenbeigh,52.06861,-9.95306,16.220000000000027,odyssea_l4_arco,52.06861,-9.95306
2023-08-23,190,Tahilla,51.8225,-9.82222,15.899999999999977,odyssea_l4_arco,51.8225,-9.82222
2023-08-23,216,Rosmoney,53.81944,-9.62,16.29000000000002,odyssea_l4_arco,53.81944,-9.62
2023-08-24,171,Killary Harbour Inner,53.6,-9.75528,15.420000000000016,odyssea_l4_arco,53.6,-9.75528
2023-08-24,177,Mannin,53.45944,-10.07,16.170000000000016,odyssea_l4_arco,53.45944,-10.07
2023-08-24,184,Glenbeigh,52.06861,-9.95306,16.75999999999999,odyssea_l4_arco,52.06861,-9.95306
2023-08-24,190,Tahilla,51.8225,-9.82222,16.379999999999995,odyssea_l4_arco,51.8225,-9.82222
2023-08-24,216,Rosmoney,53.81944,-9.62,16.120000000000005,odyssea_l4_arco,53.81944,-9.62
2023-08-25,171,Killary Harbour Inner,53.6,-9.75528,15.470000000000027,odyssea_l4_arco,53.6,-9.75528
2023-08-25,177,Mannin,53.45944,-10.07,16.149999999999977,odyssea_l4_arco,53.45944,-10.07
2023-08-25,184,Glenbeigh,52.06861,-9.95306,16.810000000000002,odyssea_l4_arco,52.06861,-9.95306
2023-08-25,190,Tahilla,51.8225,-9.82222,16.55000000000001,odyssea_l4_arco,51.8225,-9.82222
2023-08-25,216,Rosmoney,53.81944,-9.62,16.110000000000014,odyssea_l4_arco,53.81944,-9.62
2023-08-26,171,Killary Harbour Inner,53.6,-9.75528,15.560000000000002,odyssea_l4_arco,53.6,-9.75528
2023-08-26,177,Mannin,53.45944,-10.07,16.110000000000014,odyssea_l4_arco,53.45944,-10.07
2023-08-26,184,Glenbeigh,52.06861,-9.95306,16.819999999999993,odyssea_l4_arco,52.06861,-9.95306
2023-08-26,190,Tahilla,51.8225,-9.82222,16.579999999999984,odyssea_l4_arco,51.8225,-9.82222
2023-08-26,216,Rosmoney,53.81944,-9.62,16.060000000000002,odyssea_l4_arco,53.81944,-9.62
2023-08-27,171,Killary Harbour Inner,53.6,-9.75528,15.569999999999993,odyssea_l4_arco,53.6,-9.75528
2023-08-27,177,Mannin,53.45944,-10.07,16.110000000000014,odyssea_l4_arco,53.45944,-10.07
2023-08-27,184,Glenbeigh,52.06861,-9.95306,16.829999999999984,odyssea_l4_arco,52.06861,-9.95306
2023-08-27,190,Tahilla,51.8225,-9.82222,16.569999999999993,odyssea_l4_arco,51.8225,-9.82222
2023-08-27,216,Rosmoney,53.81944,-9.62,16.069999999999993,odyssea_l4_arco,53.81944,-9.62
2023-08-28,171,Killary Harbour Inner,53.6,-9.75528,15.519999999999982,odyssea_l4_arco,53.6,-9.75528
2023-08-28,177,Mannin,53.45944,-10.07,16.019999999999982,odyssea_l4_arco,53.45944,-10.07
2023-08-28,184,Glenbeigh,52.06861,-9.95306,16.829999999999984,odyssea_l4_arco,52.06861,-9.95306
2023-08-28,190,Tahilla,51.8225,-9.82222,16.569999999999993,odyssea_l4_arco,51.8225,-9.82222
2023-08-28,216,Rosmoney,53.81944,-9.62,15.810000000000002,odyssea_l4_arco,53.81944,-9.62
2023-08-29,171,Killary Harbour Inner,53.6,-9.75528,15.389999999999986,odyssea_l4_arco,53.6,-9.75528
2023-08-29,177,Mannin,53.45944,-10.07,15.95999999999998,odyssea_l4_arco,53.45944,-10.07
2023-08-29,184,Glenbeigh,52.06861,-9.95306,16.74000000000001,odyssea_l4_arco,52.06861,-9.95306
2023-08-29,190,Tahilla,51.8225,-9.82222,16.54000000000002,odyssea_l4_arco,51.8225,-9.82222
2023-08-29,216,Rosmoney,53.81944,-9.62,15.829999999999984,odyssea_l4_arco,53.81944,-9.62
2023-08-30,171,Killary Harbour Inner,53.6,-9.75528,15.389999999999986,odyssea_l4_arco,53.6,-9.75528
2023-08-30,177,Mannin,53.45944,-10.07,15.939999999999998,odyssea_l4_arco,53.45944,-10.07
2023-08-30,184,Glenbeigh,52.06861,-9.95306,16.70999999999998,odyssea_l4_arco,52.06861,-9.95306
2023-08-30,190,Tahilla,51.8225,-9.82222,16.519999999999982,odyssea_l4_arco,51.8225,-9.82222
2023-08-30,216,Rosmoney,53.81944,-9.62,15.829999999999984,odyssea_l4_arco,53.81944,-9.62
2023-08-31,171,Killary Harbour Inner,53.6,-9.75528,15.389999999999986,odyssea_l4_arco,53.6,-9.75528
2023-08-31,177,Mannin,53.45944,-10.07,15.939999999999998,odyssea_l4_arco,53.45944,-10.07
2023-08-31,184,Glenbeigh,52.06861,-9.95306,16.720000000000027,odyssea_l4_arco,52.06861,-9.95306
2023-08-31,190,Tahilla,51.8225,-9.82222,16.5,odyssea_l4_arco,51.8225,-9.82222
2023-08-31,216,Rosmoney,53.81944,-9.62,15.829999999999984,odyssea_l4_arco,53.81944,-9.62
