AreaName,Sin,LocalAuthorityName
Lunan Bay,AG-823-2161-16,Angus
Montrose Bay,AG-824-2162-16,Angus
Ardcastle Bay Mussels,AB-635-1281-08,Argyll and Bute
Ardcastle Bay Oysters,AB-634-1280-13,Argyll and Bute
Ardcastle Bay Scallops,AB-636-1282-15,Argyll and Bute
Ardencaple,AB-818-2146-04,Argyll and Bute
Bute Ettrick Bay,AB-389-786-16,Argyll and Bute
Campbeltown Loch,AB-029-008-04,Argyll and Bute
Campbeltown Loch: Kildalloig Bay,AB-371-778-13,Argyll and Bute
Carradale Bay,AB-511-930-16,Argyll and Bute
Carradale Bay Gapers,AB-848-2282-18,Argyll and Bute
Castle Stalker,AB-492-909-04,Argyll and Bute
Coll Razors,AB-837-2246-16,Argyll and Bute
Colonsay,AB-041-009-13,Argyll and Bute
Colonsay,AB-041-1199-13,Argyll and Bute
Colonsay East of the Strand,AB-774-1987-16,Argyll and Bute
Colonsay and Oransay,AB-521-917-14,Argyll and Bute
Dunstaffnage Cockles,AB-696-1511-04,Argyll and Bute
East Mull,AB-520-946-14,Argyll and Bute
East Tarbert Bay,AB-541-972-13,Argyll and Bute
East of the Strand,AB-422-826-16,Argyll and Bute
Eilean Gainimh,AB-870-2379-24,Argyll and Bute
Eilean an Atha,AB-877-2390-13,Argyll and Bute
Eriska Shoal,AB-490-907-04,Argyll and Bute
Eriska Shoal Carpet Clams,AB-547-1006-02,Argyll and Bute
Gallochoille Old Pier,AB-699-1519-13,Argyll and Bute
Ganavan Cockles,AB-697-1512-04,Argyll and Bute
Islay,AB-094-011-13,Argyll and Bute
Kerrera East,AB-894-1513-04,Argyll and Bute
Kerrera West,AB-895-1514-04,Argyll and Bute
Kilbrannan Sound,AB-333-727-16,Argyll and Bute
Kilbrannan Sound Gapers,AB-849-2287-18,Argyll and Bute
Kilbride Bay,AB-420-824-16,Argyll and Bute
Kilfinichen Bay,AB-695-1507-04,Argyll and Bute
Loch A Chumhainn: Inner Deep Site,AB-112-017-13,Argyll and Bute
Loch A Chumhainn: Outer,AB-113-018-13,Argyll and Bute
Loch Caolisport,AB-124-019-07,Argyll and Bute
Loch Craignish,AB-335-716-08,Argyll and Bute
Loch Craignish Cockles,AB-786-2028-04,Argyll and Bute
Loch Creran Cockles,AB-729-1685-04,Argyll and Bute
Loch Creran Upper Mussels,AB-313-709-08,Argyll and Bute
Loch Creran Upper Oysters,AB-129-021-13,Argyll and Bute
Loch Creran: Rubha Mor,AB-130-022-13,Argyll and Bute
Loch Creran: Shian,AB-131-023-13,Argyll and Bute
Loch Creran: Shian Mussels,AB-312-020-08,Argyll and Bute
Loch Etive East,AB-317-026-08,Argyll and Bute
Loch Etive West,AB-316-030-08,Argyll and Bute
Loch Feochan North,AB-491-908-04,Argyll and Bute
Loch Fyne: Ardkinglas Oysters,AB-147-034-13,Argyll and Bute
Loch Fyne: Ardkinglas Oysters,AB-147-035-08,Argyll and Bute
Loch Fyne: Ardkinglas Oysters,AB-147-036-13,Argyll and Bute
Loch Fyne: Black Harbour,AB-340-723-15,Argyll and Bute
Loch Fyne: Otter Ferry,AB-151-039-13,Argyll and Bute
Loch Fyne: Otter Point,AB-714-1659-04,Argyll and Bute
Loch Fyne: Skipness,AB-153-042-16,Argyll and Bute
Loch Fyne: Skipness,AB-153-042-20,Argyll and Bute
Loch Fyne: Stonefield,AB-154-043-15,Argyll and Bute
Loch Fyne: Stonefield Oysters,AB-435-840-13,Argyll and Bute
Loch Gair,AB-863-2347-04,Argyll and Bute
Loch Linnhe,AB-172-047-13,Argyll and Bute
Loch Linnhe: Shuna Island South,AB-356-717-02,Argyll and Bute
Loch Linnhe: Sound of Shuna,AB-175-049-08,Argyll and Bute
Loch Melfort,AB-178-051-08,Argyll and Bute
Loch Melfort King Scallops,AB-673-1450-07,Argyll and Bute
Loch Melfort Native Oysters,AB-672-1449-12,Argyll and Bute
Loch Melfort Pacific Oysters,AB-671-1448-13,Argyll and Bute
Loch Melfort Queen Scallops,AB-674-1451-15,Argyll and Bute
Loch Na Keal,AB-284-080-13,Argyll and Bute
Loch Na Keal West,AB-286-082-13,Argyll and Bute
Loch Riddon,AB-183-052-13,Argyll and Bute
Loch Riddon Cockles,AB-656-1409-04,Argyll and Bute
Loch Scridain East,AB-314-054-08,Argyll and Bute
Loch Scridain East King Scallops,AB-665-1441-07,Argyll and Bute
Loch Scridain East Pacific Oysters ,AB-663-1439-13,Argyll and Bute
Loch Scridain East Queen Scallops ,AB-666-1442-15,Argyll and Bute
Loch Scridain West,AB-315-053-08,Argyll and Bute
Loch Spelve Cockles,AB-767-1963-04,Argyll and Bute
Loch Spelve: Croggan Pier,AB-199-055-13,Argyll and Bute
Loch Spelve: North,AB-200-056-08,Argyll and Bute
Loch Spelve: North,AB-200-1915-08,Argyll and Bute
Loch Spelve: Port a Mhinisteir,AB-201-058-13,Argyll and Bute
Loch Spelve: Rhuba na Faing,AB-202-059-08,Argyll and Bute
Loch Striven,AB-205-062-08,Argyll and Bute
Loch na Cille,AB-617-1204-04,Argyll and Bute
Lynn of Lorn: Eilean Dubh,AB-319-066-08,Argyll and Bute
Lynn of Lorn: Port a Bhuiltin,AB-320-067-08,Argyll and Bute
Lynn of Lorn: Sgeir Liath,AB-318-068-13,Argyll and Bute
Machrie Bay,AB-510-929-16,Argyll and Bute
North Connel Cockles,AB-758-1909-04,Argyll and Bute
Oitir Mhor Bay,AB-308-701-13,Argyll and Bute
Oitir Mhor Bay Winkles,AB-419-823-14,Argyll and Bute
Peninver Razors,AB-766-1962-16,Argyll and Bute
Porte Na Coite,AB-876-2389-13,Argyll and Bute
Saddell Bay,AB-512-931-16,Argyll and Bute
Seil Point,AB-245-070-13,Argyll and Bute
Seil Sound East,AB-897-703-08,Argyll and Bute
Seil Sound North,AB-898-071-13,Argyll and Bute
Seil Sound: Balvicar,AB-247-072-13,Argyll and Bute
Seil Sound: Balvicar,AB-247-728-08,Argyll and Bute
Seil Sound: Balvicar,AB-247-728-13,Argyll and Bute
Seil Sound: Kilbrandon,AB-248-073-13,Argyll and Bute
Sound of Gigha,AB-515-1250-16,Argyll and Bute
Sound of Gigha Cretshengan,AB-857-2310-16,Argyll and Bute
Sound of Gigha Leim,AB-856-2309-16,Argyll and Bute
Sound of Gigha Muasdale,AB-854-2305-16,Argyll and Bute
Sound of Gigha North,AB-855-2307-16,Argyll and Bute
Sound of Gigha: Drumyeonmore Bay,AB-869-2368-13,Argyll and Bute
Sound of Kerrera,AB-256-074-08,Argyll and Bute
Sound of Mull: Aros,AB-257-075-08,Argyll and Bute
Sound of Mull: Aros,AB-257-820-13,Argyll and Bute
Sound of Mull: Tobermory,AB-258-076-08,Argyll and Bute
Sound of Mull: Tobermory,AB-258-077-08,Argyll and Bute
Tiree North,AB-835-2244-16,Argyll and Bute
Traigh Bhan,AB-859-2315-13,Argyll and Bute
Ulva: Loch Tuath Soriby Bay,AB-285-081-13,Argyll and Bute
West Duart Bay,AB-406-807-13,Argyll and Bute
West Jura Razors,AB-482-805-16,Argyll and Bute
West Loch Tarbert,AB-298-083-13,Argyll and Bute
West Loch Tarbert: Loup Bay,AB-299-084-13,Argyll and Bute
West Mull,AB-519-947-14,Argyll and Bute
Broad Bay Aiginish,LH-743-1740-16,Comhairle nan Eilean Siar: Lewis & Harris
East Loch Tarbert,LH-057-104-08,Comhairle nan Eilean Siar: Lewis & Harris
East Loch Tarbert,LH-057-106-08,Comhairle nan Eilean Siar: Lewis & Harris
Loch Carloway,LH-907-2455-08,Comhairle nan Eilean Siar: Lewis & Harris
Loch Erisort: Garbh Eilean,LH-357-747-08,Comhairle nan Eilean Siar: Lewis & Harris
Loch Erisort: Gob Glas,LH-891-711-08,Comhairle nan Eilean Siar: Lewis & Harris
Loch Leurbost,LH-168-113-08,Comhairle nan Eilean Siar: Lewis & Harris
Loch Leurbost,LH-168-732-08,Comhairle nan Eilean Siar: Lewis & Harris
Loch Leurbost: Crosbost,LH-339-721-13,Comhairle nan Eilean Siar: Lewis & Harris
Loch Leurbost: Crosbost,LH-339-795-13,Comhairle nan Eilean Siar: Lewis & Harris
Loch Roag: Barraglom,LH-185-120-08,Comhairle nan Eilean Siar: Lewis & Harris
Loch Roag: Ceabhagh,LH-381-772-08,Comhairle nan Eilean Siar: Lewis & Harris
Loch Roag: Drovinish,LH-186-121-08,Comhairle nan Eilean Siar: Lewis & Harris
Loch Roag: Eilean Chearstaigh,LH-344-697-08,Comhairle nan Eilean Siar: Lewis & Harris
Loch Roag: Eilean Teinish,LH-338-720-08,Comhairle nan Eilean Siar: Lewis & Harris
Loch Roag: Linngeam,LH-187-122-08,Comhairle nan Eilean Siar: Lewis & Harris
Loch Roag: Linngeam,LH-187-699-08,Comhairle nan Eilean Siar: Lewis & Harris
Loch Roag: Miavaig,LH-188-123-08,Comhairle nan Eilean Siar: Lewis & Harris
Loch Roag: Torranish,LH-189-124-08,Comhairle nan Eilean Siar: Lewis & Harris
Loch Seaforth,LH-193-126-08,Comhairle nan Eilean Siar: Lewis & Harris
Loch Stockinish,LH-203-127-08,Comhairle nan Eilean Siar: Lewis & Harris
North Lewis & Harris,LH-501-922-14,Comhairle nan Eilean Siar: Lewis & Harris
Northton Beach,LH-531-964-04,Comhairle nan Eilean Siar: Lewis & Harris
Seilebost,LH-249-129-04,Comhairle nan Eilean Siar: Lewis & Harris
Seilebost,LH-249-988-04,Comhairle nan Eilean Siar: Lewis & Harris
Tong Sands,LH-605-1100-04,Comhairle nan Eilean Siar: Lewis & Harris
West Loch Roag - Gob Sgrithir,LH-829-2215-08,Comhairle nan Eilean Siar: Lewis & Harris
Ardmhor,UB-874-2385-13,Comhairle nan Eilean Siar: Uist & Barra
Ardmhor 2,UB-905-2478-12,Comhairle nan Eilean Siar: Uist & Barra
Barra & Vatersay,UB-483-900-14,Comhairle nan Eilean Siar: Uist & Barra
Caolas Bheàrnaraigh,UB-735-1706-16,Comhairle nan Eilean Siar: Uist & Barra
Caolas Eiriosgaigh Razors,UB-684-1485-16,Comhairle nan Eilean Siar: Uist & Barra
Cidhe Eolaigearraidh,UB-427-830-13,Comhairle nan Eilean Siar: Uist & Barra
Garbh Lingeigh,UB-713-1622-13,Comhairle nan Eilean Siar: Uist & Barra
Loch Carnan,UB-125-139-08,Comhairle nan Eilean Siar: Uist & Barra
North Ford,UB-493-852-04,Comhairle nan Eilean Siar: Uist & Barra
North Uist & Berneray,UB-484-901-14,Comhairle nan Eilean Siar: Uist & Barra
North Uist 2,UB-540-969-08,Comhairle nan Eilean Siar: Uist & Barra
Oitir Mhor Razors,UB-683-1484-16,Comhairle nan Eilean Siar: Uist & Barra
South Ford,UB-259-162-04,Comhairle nan Eilean Siar: Uist & Barra
South Ford Faoileann,UB-734-1705-16,Comhairle nan Eilean Siar: Uist & Barra
South Ford Razors,UB-879-2404-16,Comhairle nan Eilean Siar: Uist & Barra
South Uist 1,UB-537-966-08,Comhairle nan Eilean Siar: Uist & Barra
Traigh Cille Bharra Cockles,UB-392-790-04,Comhairle nan Eilean Siar: Uist & Barra
Traigh Cille Razors,UB-711-1574-16,Comhairle nan Eilean Siar: Uist & Barra
Traigh Mhor,UB-282-165-04,Comhairle nan Eilean Siar: Uist & Barra
Traigh Mhor Razors,UB-615-1194-16,Comhairle nan Eilean Siar: Uist & Barra
Dhoon Bay,DG-053-173-08,Dumfries and Galloway
Fleet Bay Razors,DG-305-1880-16,Dumfries and Galloway
Kirkcudbright Bay Razors,DG-809-2132-16,Dumfries and Galloway
Loch Ryan,DG-191-174-12,Dumfries and Galloway
Loch Ryan Cockles,DG-746-1809-04,Dumfries and Galloway
Loch Ryan North,DG-500-866-16,Dumfries and Galloway
Loch Ryan Soleburn,DG-762-1935-04,Dumfries and Galloway
Loch Ryan West Side,DG-885-2418-18,Dumfries and Galloway
Luce Bay 2,DG-429-834-16,Dumfries and Galloway
Luce Bay Drummore,DG-751-1824-16,Dumfries and Galloway
Luce Bay Drummore Gapers,DG-783-2009-18,Dumfries and Galloway
Luce Bay Gapers,DG-784-2010-18,Dumfries and Galloway
Luce Bay Razors,DG-499-865-16,Dumfries and Galloway
Solway Firth,DG-253-1510-04,Dumfries and Galloway
Solway Firth,DG-253-178-08,Dumfries and Galloway
Wigtown Bay: Islands of Fleet,DG-305-182-04,Dumfries and Galloway
Wigtown Bay: Islands of Fleet,DG-305-182-16,Dumfries and Galloway
Gullane Point North,EL-601-1087-16,East Lothian
Gullane Point South,EL-703-1525-16,East Lothian
North Berwick Razors,EL-736-1707-16,East Lothian
Granton East Breakwater,EC-077-088-08,Edinburgh City
Elie Razors,FF-868-2365-16,Fife
Fife East Neuk,FF-503-924-14,Fife
Fife Ness Surf Clams,FF-771-1974-19,Fife
Firth Of Forth: Pittenweem,FF-417-822-19,Fife
Firth of Forth: North,FF-068-184-19,Fife
Firth of Forth: North,FF-068-995-08,Fife
Forth Estuary Surf Clams,FF-772-1975-19,Fife
Forth Estuary: Largo Bay,FF-072-188-16,Fife
Forth Estuary: Pittenweem,FF-073-189-19,Fife
Kirkcaldy Bay Razors,FF-580-1053-16,Fife
Pittenweem: Billowness,FF-395-793-19,Fife
Pittenweem: South Of Billow Ness,FF-438-842-19,Fife
Arisaig,HL-004-198-13,Highland: Lochaber
Arisaig,HL-004-200-08,Highland: Lochaber
Arisaig,HL-004-202-13,Highland: Lochaber
Arisaig,HL-004-203-02,Highland: Lochaber
Arisaig: Morar Sands,HL-005-204-16,Highland: Lochaber
Camas Garbh Artemis,HL-769-1969-05,Highland: Lochaber
Camas Garbh Clams,HL-765-1961-02,Highland: Lochaber
Camas a Chuilinn: Loch Linnhe,HL-875-2386-08,Highland: Lochaber
Camas an Lighe,HL-352-743-07,Highland: Lochaber
Eilean mo Shlinneag,HL-912-2494-08,Highland: Lochaber
Glenuig Bay,HL-075-205-08,Highland: Lochaber
Kentra Bay,HL-353-744-08,Highland: Lochaber
Kildonan Oysters,HL-796-2082-13,Highland: Lochaber
Loch Ailort,HL-892-937-08,Highland: Lochaber
Loch Ailort 1,HL-893-214-08,Highland: Lochaber
Loch Ailort 2,HL-539-968-12,Highland: Lochaber
Loch Ailort 3,HL-114-207-08,Highland: Lochaber
Loch Ailort 3,HL-114-207-12,Highland: Lochaber
Loch Ailort 3,HL-114-207-13,Highland: Lochaber
Loch Beag,HL-118-215-08,Highland: Lochaber
Loch Eil,HL-134-216-08,Highland: Lochaber
Loch Eil: Eil,HL-135-218-08,Highland: Lochaber
Loch Eil: Fassfern,HL-136-219-08,Highland: Lochaber
Loch Leven: Lower,HL-170-222-08,Highland: Lochaber
Loch Leven: Upper,HL-171-223-08,Highland: Lochaber
Loch Linnhe: Cuil Bay,HL-173-224-13,Highland: Lochaber
Loch Linnhe: Stroncheggan,HL-176-225-08,Highland: Lochaber
Loch Moidart,HL-179-227-13,Highland: Lochaber
Loch Moidart Shona,HL-811-2139-04,Highland: Lochaber
Loch Nevis: Ardintigh Point,HL-180-228-08,Highland: Lochaber
Loch Nevis: Ardintigh Point,HL-180-725-08,Highland: Lochaber
Loch Sunart,HL-206-1237-08,Highland: Lochaber
Loch Sunart Strontian,HL-812-2140-04,Highland: Lochaber
Cromarty Bay Mussels,RC-473-883-08,Highland: Ross & Cromarty
Cromarty Bay West,RC-623-1225-13,Highland: Ross & Cromarty
Cromarty Firth Mussels,RC-884-2413-08,Highland: Ross & Cromarty
Duilisg 1,RC-902-2486-12,Highland: Ross & Cromarty
Duilisg 2,RC-901-2487-13,Highland: Ross & Cromarty
Inner Loch Torridon,RC-090-1616-08,Highland: Ross & Cromarty
Inner Loch Torridon,RC-090-245-08,Highland: Ross & Cromarty
Little Loch Broom,RC-110-247-08,Highland: Ross & Cromarty
Little Loch Broom,RC-110-247-13,Highland: Ross & Cromarty
Little Loch Broom Native Oysters,RC-807-2123-12,Highland: Ross & Cromarty
Little Loch Broom Pacific Oysters,RC-805-2122-13,Highland: Ross & Cromarty
Loch Broom Mussels,RC-878-2396-08,Highland: Ross & Cromarty
Loch Ewe & Loch Thurnaig,RC-142-250-07,Highland: Ross & Cromarty
Loch Ewe & Loch Thurnaig,RC-142-250-08,Highland: Ross & Cromarty
Loch Kanaird,RC-625-1233-13,Highland: Ross & Cromarty
Loch Kishorn Ardarroch,RC-330-252-13,Highland: Ross & Cromarty
Loch Kishorn North,RC-329-254-08,Highland: Ross & Cromarty
Loch Kishorn North,RC-329-254-13,Highland: Ross & Cromarty
Loch Toscaig,RC-210-255-08,Highland: Ross & Cromarty
Ross & Cromarty west,RC-489-906-14,Highland: Ross & Cromarty
Upper Loch Torridon,RC-910-2491-04,Highland: Ross & Cromarty
Broadford Bay,SL-025-261-15,Highland: Skye & Lochalsh
Isay,SL-093-264-08,Highland: Skye & Lochalsh
Island of Rona,SL-346-730-08,Highland: Skye & Lochalsh
Isle Of Skye East,SL-494-860-14,Highland: Skye & Lochalsh
Isle Of Skye West,SL-497-862-14,Highland: Skye & Lochalsh
Kyle: Badicaul,SL-105-268-13,Highland: Skye & Lochalsh
Kyles of Scalpay,SL-864-2348-04,Highland: Skye & Lochalsh
Loch Ainort,SL-116-270-07,Highland: Skye & Lochalsh
Loch Ainort,SL-116-271-04,Highland: Skye & Lochalsh
Loch Bay,SL-117-275-04,Highland: Skye & Lochalsh
Loch Bracadale,SL-121-278-13,Highland: Skye & Lochalsh
Loch Eishort,SL-137-281-08,Highland: Skye & Lochalsh
Loch Greshornish,SL-158-285-08,Highland: Skye & Lochalsh
Loch Harport Inner Cockles,SL-890-2350-04,Highland: Skye & Lochalsh
Loch Harport: Inner,SL-159-286-13,Highland: Skye & Lochalsh
Loch Harport: Outer,SL-160-287-08,Highland: Skye & Lochalsh
Loch Hourn Razors,SL-801-2088-16,Highland: Skye & Lochalsh
Loch Na Beiste,SL-349-738-08,Highland: Skye & Lochalsh
Loch Portree Cockles,SL-880-2405-04,Highland: Skye & Lochalsh
Loch Slapin,SL-194-290-08,Highland: Skye & Lochalsh
Loch Sligachan,SL-195-291-07,Highland: Skye & Lochalsh
Loch Sligachan Cockles,SL-889-2436-04,Highland: Skye & Lochalsh
Loch Snizort,SL-196-294-14,Highland: Skye & Lochalsh
Loch Snizort Beag: Kensaleyre,SL-197-295-04,Highland: Skye & Lochalsh
Loch Snizort Beag: Tote,SL-198-297-04,Highland: Skye & Lochalsh
Scalpay,SL-243-299-07,Highland: Skye & Lochalsh
Scalpay,SL-243-299-15,Highland: Skye & Lochalsh
Sound Of Sleat,SL-833-2242-16,Highland: Skye & Lochalsh
Cambuscurrie Bay: Site 1,HS-426-829-08,Highland: Sutherland
Dornoch Firth,HS-054-239-08,Highland: Sutherland
Dornoch Firth,HS-464-872-08,Highland: Sutherland
Dornoch Firth 2,HS-466-876-08,Highland: Sutherland
Dornoch Mussels 2,HS-465-873-08,Highland: Sutherland
Kyle of Durness,HS-773-1984-13,Highland: Sutherland
Kyle of Tongue,HS-103-303-13,Highland: Sutherland
Kyle of Tongue,HS-103-304-08,Highland: Sutherland
Loch Eriboll,HS-139-305-08,Highland: Sutherland
Loch Eriboll,HS-139-305-13,Highland: Sutherland
Loch Glencoul,HS-157-310-08,Highland: Sutherland
Loch Inchard,HS-162-311-08,Highland: Sutherland
Loch Laxford,HS-167-320-08,Highland: Sutherland
Rabbit Islands,HS-359-707-16,Highland: Sutherland
Sutherland West Upper,HS-524-927-14,Highland: Sutherland
Tongue Bay Razors,HS-788-2068-16,Highland: Sutherland
Arran east,NA-477-895-14,North Ayrshire
Arran west,NA-478-896-14,North Ayrshire
Arran: Lamlash Bay,NA-007-329-08,North Ayrshire
Arran: Pirnmill,NA-008-330-16,North Ayrshire
Arran: Whiting Bay,NA-009-331-16,North Ayrshire
Fairlie,NA-065-332-13,North Ayrshire
Fairlie roads,NA-476-894-14,North Ayrshire
Great cumbrae island,NA-479-897-14,North Ayrshire
Stevenston Sands Annual,NA-207-1238-23,North Ayrshire
Stevenston Sands Razors,NA-825-2169-16,North Ayrshire
Stevenston Sands Razors North,NA-647-1355-16,North Ayrshire
Stevenston Sands Razors South,NA-694-1503-16,North Ayrshire
Bay of Backaskaill,OI-453-857-16,Orkney Islands
Bay of Firth,OI-013-343-13,Orkney Islands
Bay of Skaill: Westray,OI-871-2380-13,Orkney Islands
Clestrain Sound,OI-034-350-08,Orkney Islands
Fersness Bay,OI-455-859-16,Orkney Islands
North Bay Oysters - Hoy,OI-865-2349-13,Orkney Islands
Orkney east,OI-486-903-14,Orkney Islands
Orkney northern Isles,OI-487-904-14,Orkney Islands
Orkney west,OI-485-902-14,Orkney Islands
Swanbister,OI-276-372-16,Orkney Islands
Aith Voe Ayres,SI-325-392-08,Shetland Islands
Aith Voe Sletta,SI-326-393-08,Shetland Islands
Aith Voe Sletta,SI-326-733-08,Shetland Islands
Baltasound Mussels,SI-010-2417-08,Shetland Islands
Baltasound Mussels,SI-010-394-13,Shetland Islands
Baltasound Mussels,SI-010-395-08,Shetland Islands
Basta Voe Cove,SI-324-399-08,Shetland Islands
Basta Voe Cove,SI-324-400-08,Shetland Islands
Basta Voe Outer,SI-323-403-08,Shetland Islands
Brindister Voe,SI-023-406-08,Shetland Islands
Burki Taing,SI-918-2508-08,Shetland Islands
Burki Taing East,SI-755-1897-08,Shetland Islands
Burra Voe,SI-026-408-13,Shetland Islands
Burwick,SI-416-821-08,Shetland Islands
Busta Voe Lee North,SI-327-410-08,Shetland Islands
Busta Voe Lee North,SI-327-755-08,Shetland Islands
Busta Voe Lee South,SI-328-2383-08,Shetland Islands
Busta Voe Lee South,SI-328-411-08,Shetland Islands
Busta Voe Lee South,SI-328-767-08,Shetland Islands
Catfirth,SI-032-412-08,Shetland Islands
Catfirth Mussels 1,SI-816-2144-08,Shetland Islands
Catfirth Mussels 2,SI-817-2147-08,Shetland Islands
Clift Sound Houss,SI-633-1270-08,Shetland Islands
Clift Sound: Booth,SI-036-413-08,Shetland Islands
Clift Sound: Stream Sound,SI-035-414-08,Shetland Islands
Clift Sound: Stream Sound,SI-035-415-08,Shetland Islands
Clift Sound: Whal Wick,SI-038-1522-08,Shetland Islands
Colla Firth,SI-040-417-08,Shetland Islands
Cullivoe,SI-048-418-08,Shetland Islands
Dales Voe - Fora Ness,SI-502-869-08,Shetland Islands
Dales Voe: Muckle Ayre,SI-049-419-08,Shetland Islands
Dales Voe: Scarvar Ayre,SI-050-420-08,Shetland Islands
Dury Voe,SI-913-2499-08,Shetland Islands
East Burra Firth,SI-055-421-08,Shetland Islands
East Burwick Mussels,SI-583-1060-08,Shetland Islands
East Firth,SI-379-1200-08,Shetland Islands
East Firth,SI-379-769-08,Shetland Islands
East Shetland,SI-504-925-14,Shetland Islands
Eshaness Mussels,SI-785-2013-08,Shetland Islands
Gon Firth,SI-076-1338-08,Shetland Islands
Gruting Voe: Braewick Voe,SI-080-424-08,Shetland Islands
Gruting Voe: Browland Voe,SI-081-425-08,Shetland Islands
Gruting Voe: Quilse,SI-083-427-08,Shetland Islands
Gruting Voe: Seli Voe,SI-084-428-08,Shetland Islands
Hamar Voe,SI-655-1404-08,Shetland Islands
Hamnavoe,SI-348-736-08,Shetland Islands
Lang Sound,SI-107-429-08,Shetland Islands
Lang Sound,SI-107-756-13,Shetland Islands
Laxfirth,SI-814-2142-08,Shetland Islands
Lee of Vollister,SI-760-1920-08,Shetland Islands
Lee of Vollister,SI-760-2461-08,Shetland Islands
Lunnaness,SI-362-750-08,Shetland Islands
Mid Noost Pacific Oysters,SI-882-2408-13,Shetland Islands
Mid Yell Voe,SI-216-2303-08,Shetland Islands
Mid Yell Voe,SI-216-430-08,Shetland Islands
Mid Yell Voe East,SI-797-2083-08,Shetland Islands
Muckle Roe,SI-221-2294-08,Shetland Islands
Muckle Roe,SI-221-433-08,Shetland Islands
Muckle Roe: Burki Taing,SI-222-407-08,Shetland Islands
North Shetland,SI-505-926-14,Shetland Islands
North Uyea,SI-230-453-08,Shetland Islands
Northra Voe,SI-850-2298-08,Shetland Islands
Olna Firth Inner,SI-232-435-08,Shetland Islands
Olna Firth Outer,SI-896-434-08,Shetland Islands
Papa Little Voe,SI-235-1350-08,Shetland Islands
Papa Little Voe,SI-235-440-08,Shetland Islands
Point of Hamna Ayre,SI-374-763-08,Shetland Islands
Roe Sound,SI-334-715-08,Shetland Islands
Ronas Voe East,SI-523-919-08,Shetland Islands
Ronas Voe Mussels 2,SI-239-442-08,Shetland Islands
Sandsound Voe,SI-242-443-08,Shetland Islands
Seli Voe,SI-815-2143-08,Shetland Islands
South Uyea,SI-263-454-08,Shetland Islands
South Voe,SI-264-445-08,Shetland Islands
South Voe,SI-264-445-13,Shetland Islands
South Voe Mussels,SI-421-825-08,Shetland Islands
South of Houss Holm,SI-261-444-08,Shetland Islands
Stream Sound: Ux Ness,SI-373-1096-08,Shetland Islands
Streamsound: Whalsies Ayre,SI-518-945-08,Shetland Islands
Stromness Voe,SI-273-446-08,Shetland Islands
Stromness Voe,SI-273-467-08,Shetland Islands
Swining Voe,SI-820-2156-08,Shetland Islands
The Firth,SI-363-751-08,Shetland Islands
The Rona,SI-517-944-08,Shetland Islands
Urafirth,SI-287-449-15,Shetland Islands
Urafirth,SI-287-452-07,Shetland Islands
Urafirth,SI-287-987-08,Shetland Islands
Uyea Sound,SI-441-842-08,Shetland Islands
Uyea Sound,SI-441-845-08,Shetland Islands
Vaila Sound - East Ward,SI-858-2312-08,Shetland Islands
Vaila Sound Linga,SI-899-457-08,Shetland Islands
Vaila Sound: East of Linga and Galtaskerry,SI-288-1061-08,Shetland Islands
Vaila Sound: East of Linga and Galtaskerry,SI-288-455-08,Shetland Islands
Vaila Sound: Riskaness,SI-289-458-08,Shetland Islands
Vementry North,SI-322-2295-08,Shetland Islands
Vementry North,SI-322-463-08,Shetland Islands
Vementry North,SI-322-464-08,Shetland Islands
Vementry South,SI-321-2297-08,Shetland Islands
Vementry South,SI-321-459-08,Shetland Islands
Wadbister Voe,SI-294-466-08,Shetland Islands
Weisdale Voe,SI-297-2428-08,Shetland Islands
Weisdale Voe,SI-297-469-08,Shetland Islands
Weisdale Voe Upper,SI-378-1201-08,Shetland Islands
Weisdale Voe Upper,SI-378-1521-08,Shetland Islands
West Shetland,SI-506-927-14,Shetland Islands
West of Langa,SI-822-2160-08,Shetland Islands
West of Lunna,SI-380-770-08,Shetland Islands
Whalefirth Voe Crying Taing,SI-616-1195-08,Shetland Islands
Whalefirth Voe Lea Cru,SI-613-1167-08,Shetland Islands
Whalefirth Voe Stany Pund,SI-612-1165-08,Shetland Islands
Whalefirth Voe: Inner,SI-303-470-08,Shetland Islands
Whiteness Voe,SI-309-704-13,Shetland Islands
Ayr Bay,SA-841-2263-16,South Ayrshire
Ballantrae,SA-909-2490-16,South Ayrshire
Ballantrae Razors,SA-780-1999-16,South Ayrshire
Croy Bay,SA-681-1482-16,South Ayrshire
Croy Bay Gapers,SA-775-1994-18,South Ayrshire
Croy Bay Gapers,SA-914-2504-18,South Ayrshire
Croy Bay South,SA-872-2381-16,South Ayrshire
Girvan South Razors,SA-778-1997-16,South Ayrshire
Heads of Ayr,SA-866-2362-16,South Ayrshire
Lendalfoot Razors,SA-776-1995-16,South Ayrshire
Meikle Craigs Annual,SA-643-1316-16,South Ayrshire
North Bay,SA-337-719-16,South Ayrshire
Prestwick Shore,SA-840-2262-16,South Ayrshire
South Ayrshire coast,SA-481-898-14,South Ayrshire
Troon South Beach Razors,SA-843-2267-16,South Ayrshire
Turnberry Razors,SA-688-1489-16,South Ayrshire
