year,month,meant,maxtp,mintp,mnmax,mnmin,rain,gmin,wdsp,maxgt,sun,station_no,station_name
1939,10,10.0,16.8,0.0,13.2,6.7,105.5,-4.4,9.9,55.0,140.0,2275,Valentia Observatory
1939,11,10.3,14.0,4.0,12.4,8.1,251.9,0.5,13.9,60.0,36.4,2275,Valentia Observatory
1939,12,6.0,13.6,-3.3,8.7,3.3,116.9,-7.8,10.6,59.0,65.8,2275,Valentia Observatory
1940,1,5.8,12.3,-5.6,8.4,3.3,163.8,-8.4,11.6,51.0,76.3,2275,Valentia Observatory
1940,2,7.9,12.8,-3.9,10.1,5.7,179.6,-5.8,13.0,55.0,67.2,2275,Valentia Observatory
1940,3,8.5,13.6,-1.2,11.0,6.0,84.8,-3.9,12.0,52.0,119.0,2275,Valentia Observatory
1940,4,9.7,17.8,-1.7,12.2,7.1,80.3,-4.4,10.4,46.0,127.1,2275,Valentia Observatory
1940,5,12.2,19.5,3.7,15.5,8.9,42.4,0.1,9.0,35.0,235.6,2275,Valentia Observatory
1940,6,15.3,25.6,7.3,19.4,11.2,54.6,3.4,9.8,,285.9,2275,Valentia Observatory
1940,7,13.7,22.7,6.6,16.9,10.5,67.2,2.2,8.6,43.0,228.1,2275,Valentia Observatory
1940,8,15.4,24.1,7.7,18.3,12.5,10.1,4.7,7.9,36.0,145.6,2275,Valentia Observatory
1940,9,13.5,21.1,3.7,16.4,10.5,72.3,0.1,9.4,52.0,129.2,2275,Valentia Observatory
1940,10,10.8,15.9,2.3,13.6,8.0,235.2,-0.8,10.1,66.0,94.3,2275,Valentia Observatory
1940,11,9.0,14.6,-0.9,11.4,6.6,185.8,-4.4,12.8,68.0,70.2,2275,Valentia Observatory
1940,12,7.6,13.1,-2.9,9.9,5.3,151.4,-6.9,12.4,69.0,37.0,2275,Valentia Observatory
1941,1,4.9,11.2,-1.7,7.2,2.6,129.1,-7.5,10.6,55.0,60.1,2275,Valentia Observatory
1941,2,5.9,12.3,-2.1,8.6,3.2,210.2,-6.9,12.7,55.0,83.7,2275,Valentia Observatory
1941,3,7.1,12.7,-1.7,9.7,4.5,108.1,-7.1,11.1,55.0,105.8,2275,Valentia Observatory
1941,4,7.9,15.2,-0.1,11.1,4.6,56.4,-3.3,10.9,44.0,144.6,2275,Valentia Observatory
1941,5,9.9,18.9,1.1,13.9,5.9,83.3,-3.9,8.3,42.0,216.1,2275,Valentia Observatory
1941,6,13.9,22.8,6.7,17.0,10.9,21.3,4.2,7.9,41.0,131.8,2275,Valentia Observatory
1941,7,14.5,19.5,7.9,17.1,12.0,79.9,4.1,9.5,37.0,107.1,2275,Valentia Observatory
1941,8,14.5,22.2,8.4,16.9,12.1,101.0,4.8,9.7,45.0,160.0,2275,Valentia Observatory
1941,9,14.9,23.7,6.3,18.4,11.4,76.7,2.6,7.8,51.0,150.6,2275,Valentia Observatory
1941,10,12.4,19.6,0.0,15.2,9.6,88.2,-2.9,12.0,58.0,108.2,2275,Valentia Observatory
1941,11,8.3,13.3,-0.3,11.4,5.3,226.6,-3.5,10.7,64.0,90.4,2275,Valentia Observatory
1941,12,9.1,12.9,3.0,10.7,7.5,103.7,1.6,11.3,49.0,29.7,2275,Valentia Observatory
1942,1,6.9,12.6,-0.7,9.5,4.2,242.2,-3.3,13.7,65.0,55.2,2275,Valentia Observatory
1942,2,5.6,10.7,-5.4,8.0,3.1,44.9,-8.3,10.5,42.0,49.6,2275,Valentia Observatory
1942,3,8.8,16.2,-2.2,11.9,5.7,146.7,-5.5,11.2,63.0,122.4,2275,Valentia Observatory
1942,4,10.3,18.9,2.5,13.6,7.0,96.5,-0.6,12.8,60.0,144.7,2275,Valentia Observatory
1942,5,11.6,17.6,1.2,14.9,8.2,133.4,-2.0,11.4,54.0,198.1,2275,Valentia Observatory
1942,6,13.5,27.2,4.6,16.6,10.5,13.7,0.8,9.6,35.0,204.3,2275,Valentia Observatory
1942,7,14.5,21.3,8.3,17.2,11.8,69.2,4.1,11.1,40.0,142.1,2275,Valentia Observatory
1942,8,15.6,23.8,7.2,18.3,12.8,120.8,3.4,10.5,46.0,119.1,2275,Valentia Observatory
1942,9,13.2,18.6,1.7,15.8,10.7,110.0,-3.1,11.1,54.0,101.0,2275,Valentia Observatory
1942,10,10.3,15.8,0.6,13.1,7.6,78.5,-2.9,10.9,48.0,104.3,2275,Valentia Observatory
1942,11,6.1,13.4,-2.3,9.8,2.5,30.7,-5.1,7.1,51.0,103.4,2275,Valentia Observatory
1942,12,9.4,12.9,1.7,11.5,7.4,162.6,-1.2,15.2,82.0,26.7,2275,Valentia Observatory
1943,1,8.1,12.2,0.8,10.2,5.9,211.4,-3.3,13.5,64.0,37.0,2275,Valentia Observatory
1943,2,8.6,12.5,4.1,10.4,6.8,62.4,0.3,12.4,61.0,49.1,2275,Valentia Observatory
1943,3,8.7,14.3,-1.2,11.7,5.7,33.5,-4.5,10.9,49.0,102.2,2275,Valentia Observatory
1943,4,10.4,17.8,3.9,13.0,7.9,81.2,1.2,12.1,59.0,109.8,2275,Valentia Observatory
1943,5,11.2,20.5,3.6,14.6,7.8,126.6,-0.1,12.4,67.0,192.0,2275,Valentia Observatory
1943,6,13.5,24.0,7.8,16.4,10.5,144.6,5.0,12.3,44.0,194.9,2275,Valentia Observatory
1943,7,15.4,25.7,8.4,18.5,12.2,72.9,5.6,10.0,44.0,160.5,2275,Valentia Observatory
1943,8,14.6,23.4,7.2,17.1,12.1,126.2,4.6,12.9,43.0,107.1,2275,Valentia Observatory
1943,9,13.0,19.0,3.0,15.5,10.6,113.9,0.8,11.8,51.0,105.1,2275,Valentia Observatory
1943,10,11.3,15.2,3.3,13.7,9.0,249.1,0.2,14.4,64.0,81.1,2275,Valentia Observatory
1943,11,9.0,13.8,1.2,11.1,6.9,105.6,-1.6,13.0,67.0,33.3,2275,Valentia Observatory
1943,12,7.0,11.9,-1.6,9.2,4.8,80.9,-4.8,11.4,58.0,49.6,2275,Valentia Observatory
1944,1,9.1,12.8,3.7,10.8,7.4,144.9,0.6,15.3,71.0,41.6,2275,Valentia Observatory
1944,2,6.3,12.4,-2.6,8.8,3.7,51.3,-6.6,11.9,49.0,91.0,2275,Valentia Observatory
1944,3,7.9,18.6,-2.2,11.5,4.3,13.7,-5.9,8.3,38.0,152.6,2275,Valentia Observatory
1944,4,10.3,16.9,0.6,13.7,7.0,105.2,-2.3,10.1,44.0,190.9,2275,Valentia Observatory
1944,5,11.2,26.1,1.4,14.7,7.6,37.0,-1.3,10.3,47.0,187.5,2275,Valentia Observatory
1944,6,13.6,23.4,8.0,16.4,10.8,50.7,4.3,10.0,45.0,184.9,2275,Valentia Observatory
1944,7,15.6,23.3,10.3,18.2,13.0,111.5,5.7,9.6,44.0,101.7,2275,Valentia Observatory
1944,8,15.8,24.5,8.4,19.0,12.6,80.3,3.6,8.6,46.0,184.1,2275,Valentia Observatory
1944,9,12.9,19.5,3.6,15.8,10.0,125.4,-0.5,11.0,48.0,138.1,2275,Valentia Observatory
1944,10,10.6,15.7,4.0,13.0,8.3,178.6,1.1,11.8,57.0,88.6,2275,Valentia Observatory
1944,11,8.9,13.9,2.5,11.2,6.7,173.8,0.3,12.9,67.0,57.2,2275,Valentia Observatory
1944,12,7.7,12.4,-0.7,9.9,5.5,189.8,-4.4,11.9,66.0,38.4,2275,Valentia Observatory
1945,1,4.5,12.1,-6.3,7.0,2.0,114.8,-7.3,12.4,66.0,67.1,2275,Valentia Observatory
1945,2,8.9,12.7,1.9,11.1,6.7,164.7,-2.0,14.8,59.0,55.4,2275,Valentia Observatory
1945,3,9.5,17.8,0.1,12.1,6.9,70.9,-1.7,11.4,56.0,97.6,2275,Valentia Observatory
1945,4,10.8,23.9,1.2,13.8,7.8,44.0,-2.2,12.3,59.0,138.8,2275,Valentia Observatory
1945,5,11.9,21.8,1.6,15.0,8.9,131.2,-1.7,11.3,49.0,163.2,2275,Valentia Observatory
1945,6,13.3,23.6,5.9,15.9,10.6,115.3,3.4,11.5,41.0,147.6,2275,Valentia Observatory
1945,7,15.4,20.5,9.9,17.7,13.1,117.5,6.6,10.0,52.0,141.1,2275,Valentia Observatory
1945,8,15.7,24.4,8.0,18.5,12.9,100.6,4.2,10.0,57.0,152.5,2275,Valentia Observatory
1945,9,14.9,20.9,9.5,17.5,12.2,133.8,6.2,9.1,57.0,84.5,2275,Valentia Observatory
1945,10,13.4,21.1,6.2,16.3,10.5,158.9,2.4,10.2,63.0,130.6,2275,Valentia Observatory
1945,11,10.3,15.1,0.1,12.6,8.0,42.2,-1.8,8.7,54.0,41.0,2275,Valentia Observatory
1945,12,8.8,13.5,2.4,11.0,6.6,249.9,-1.6,11.8,54.0,32.7,2275,Valentia Observatory
1946,1,7.5,12.3,-0.7,9.6,5.4,205.3,-4.8,13.5,57.0,45.6,2275,Valentia Observatory
1946,2,8.1,12.3,-3.2,10.1,6.1,74.1,-5.1,11.9,58.0,44.8,2275,Valentia Observatory
1946,3,7.8,19.9,-2.2,10.9,4.8,71.1,-4.4,10.2,46.0,103.5,2275,Valentia Observatory
1946,4,9.4,18.5,0.9,12.8,6.0,56.1,-1.7,9.5,48.0,164.0,2275,Valentia Observatory
1946,5,11.6,20.8,4.7,15.6,7.7,85.4,1.6,11.3,49.0,220.9,2275,Valentia Observatory
1946,6,12.3,17.2,5.2,15.0,9.6,108.0,2.9,11.2,48.0,162.0,2275,Valentia Observatory
1946,7,14.2,20.1,7.9,16.7,11.6,97.4,5.1,10.0,39.0,155.9,2275,Valentia Observatory
1946,8,13.8,18.3,7.0,16.2,11.4,152.0,3.3,9.8,46.0,100.7,2275,Valentia Observatory
1946,9,14.0,20.8,8.9,16.2,11.8,192.9,6.4,13.1,53.0,75.3,2275,Valentia Observatory
1946,10,11.8,17.9,2.7,14.4,9.3,121.4,-0.2,10.1,49.0,74.6,2275,Valentia Observatory
1946,11,9.8,18.2,2.0,12.0,7.5,190.4,-1.7,12.8,56.0,63.9,2275,Valentia Observatory
1946,12,6.7,12.2,-4.4,9.4,4.0,194.6,-7.3,12.8,68.0,63.4,2275,Valentia Observatory
1947,1,6.0,12.3,-5.9,8.4,3.6,233.0,-8.7,14.6,68.0,57.0,2275,Valentia Observatory
1947,2,2.7,8.9,-4.7,4.9,0.4,117.9,-7.1,13.1,67.0,61.9,2275,Valentia Observatory
1947,3,6.9,12.3,-1.5,9.6,4.3,165.6,-5.4,11.7,60.0,83.5,2275,Valentia Observatory
1947,4,9.1,14.6,3.3,11.8,6.4,117.5,-0.6,15.3,68.0,137.6,2275,Valentia Observatory
1947,5,10.8,18.8,3.1,13.8,7.9,120.4,1.0,12.0,57.0,171.7,2275,Valentia Observatory
1947,6,13.7,23.1,7.0,16.1,11.2,94.2,4.4,10.9,47.0,142.7,2275,Valentia Observatory
1947,7,14.2,22.2,6.4,16.3,12.0,107.4,4.2,9.9,45.0,87.7,2275,Valentia Observatory
1947,8,17.3,28.1,7.8,21.4,13.2,24.3,5.9,5.6,29.0,239.9,2275,Valentia Observatory
1947,9,14.4,21.1,5.1,17.0,11.7,109.1,2.1,9.6,46.0,99.8,2275,Valentia Observatory
1947,10,12.5,21.2,3.3,15.4,9.6,84.0,0.1,10.0,40.0,97.4,2275,Valentia Observatory
1947,11,9.8,16.1,-2.0,11.9,7.6,171.7,-6.4,12.1,49.0,50.4,2275,Valentia Observatory
1947,12,7.5,12.3,-1.1,9.6,5.3,160.7,-5.1,10.9,54.0,23.9,2275,Valentia Observatory
1948,1,7.3,13.1,0.4,9.6,4.9,228.4,-1.7,14.0,63.0,56.1,2275,Valentia Observatory
1948,2,7.3,12.7,-2.2,9.4,5.2,74.6,-3.3,14.2,63.0,45.0,2275,Valentia Observatory
1948,3,10.6,19.9,1.7,13.8,7.4,76.4,-0.9,12.5,63.0,145.3,2275,Valentia Observatory
1948,4,8.8,16.7,1.0,12.2,5.4,95.0,-2.1,8.8,51.0,158.5,2275,Valentia Observatory
1948,5,11.4,26.1,1.7,15.5,7.3,65.1,-1.3,9.0,36.0,226.9,2275,Valentia Observatory
1948,6,12.8,20.4,6.7,15.5,10.2,94.6,4.9,11.9,41.0,133.0,2275,Valentia Observatory
1948,7,14.4,27.1,7.6,17.0,11.7,87.5,5.0,10.1,49.0,133.4,2275,Valentia Observatory
1948,8,15.0,23.8,7.4,18.0,12.0,105.7,4.0,9.4,57.0,136.9,2275,Valentia Observatory
1948,9,13.8,18.6,5.6,16.2,11.3,105.9,2.8,11.8,52.0,109.9,2275,Valentia Observatory
1948,10,11.5,17.0,0.9,14.0,9.1,164.9,-2.3,11.1,49.0,57.7,2275,Valentia Observatory
1948,11,11.4,15.7,0.9,13.6,9.1,124.0,-2.2,14.1,55.0,48.9,2275,Valentia Observatory
1948,12,8.6,15.7,0.0,10.9,6.2,253.1,-4.4,13.3,58.0,40.6,2275,Valentia Observatory
1949,1,8.7,12.9,0.0,10.8,6.7,95.3,-3.0,12.5,63.0,38.0,2275,Valentia Observatory
1949,2,8.5,12.8,1.3,11.1,5.9,92.9,-2.2,13.4,54.0,55.4,2275,Valentia Observatory
1949,3,8.7,19.0,-0.9,11.9,5.4,41.0,-5.0,8.4,41.0,108.8,2275,Valentia Observatory
1949,4,9.9,15.3,1.7,12.4,7.5,76.3,-2.3,13.6,58.0,110.5,2275,Valentia Observatory
1949,5,10.6,19.4,3.4,14.3,6.9,91.0,0.6,9.9,50.0,195.2,2275,Valentia Observatory
1949,6,14.1,23.4,5.3,18.3,10.0,75.3,3.1,7.7,41.0,247.8,2275,Valentia Observatory
1949,7,16.1,26.1,8.4,19.2,13.0,60.1,4.3,7.9,35.0,156.3,2275,Valentia Observatory
1949,8,16.0,23.9,9.1,19.2,12.7,124.8,4.4,8.2,44.0,158.3,2275,Valentia Observatory
1949,9,15.8,22.9,8.0,19.2,12.4,84.1,5.4,8.2,44.0,148.5,2275,Valentia Observatory
1949,10,12.7,20.2,2.2,15.4,10.0,253.1,0.0,11.6,60.0,70.2,2275,Valentia Observatory
1949,11,9.1,13.9,2.3,11.6,6.7,210.5,-0.8,12.2,54.0,67.2,2275,Valentia Observatory
1949,12,8.4,12.4,0.3,10.6,6.2,118.0,-1.2,14.8,58.0,30.5,2275,Valentia Observatory
1950,1,7.9,13.8,-1.2,10.1,5.7,135.3,-4.2,12.2,56.0,43.3,2275,Valentia Observatory
1950,2,7.1,12.7,-1.6,10.0,4.2,229.0,-4.8,14.3,64.0,55.2,2275,Valentia Observatory
1950,3,9.3,18.0,0.8,12.5,6.2,65.8,-1.1,9.6,45.0,88.1,2275,Valentia Observatory
1950,4,8.7,15.1,0.2,11.5,6.0,77.6,-2.2,13.8,58.0,125.6,2275,Valentia Observatory
1950,5,12.5,24.7,1.9,16.4,8.6,44.8,-1.1,8.2,40.0,227.3,2275,Valentia Observatory
1950,6,14.4,25.6,6.2,17.6,11.2,64.9,4.4,9.0,33.0,158.2,2275,Valentia Observatory
1950,7,15.1,21.8,7.2,17.9,12.2,232.6,4.6,9.7,40.0,179.1,2275,Valentia Observatory
1950,8,14.4,18.7,6.4,17.3,11.4,156.9,4.7,10.2,46.0,173.9,2275,Valentia Observatory
1950,9,12.7,17.2,7.2,15.0,10.4,200.6,5.1,11.8,65.0,70.1,2275,Valentia Observatory
1950,10,11.0,15.7,3.2,13.5,8.4,123.9,-0.2,10.9,50.0,90.2,2275,Valentia Observatory
1950,11,7.7,13.1,-0.6,10.4,5.0,161.0,-3.3,11.1,55.0,71.4,2275,Valentia Observatory
1950,12,5.0,11.4,-2.9,7.6,2.4,139.7,-4.8,9.1,69.0,52.2,2275,Valentia Observatory
1951,1,6.4,11.9,0.5,8.9,3.8,176.6,-1.9,9.9,47.0,41.0,2275,Valentia Observatory
1951,2,5.1,12.7,-2.2,8.0,2.2,144.8,-4.3,10.9,58.0,89.7,2275,Valentia Observatory
1951,3,6.3,13.5,-3.3,9.1,3.6,82.9,-5.1,10.3,48.0,109.9,2275,Valentia Observatory
1951,4,8.3,17.8,0.0,11.4,5.2,74.9,-3.8,11.0,52.0,171.4,2275,Valentia Observatory
1951,5,10.5,19.3,0.2,14.4,6.7,78.9,-2.6,8.8,44.0,244.6,2275,Valentia Observatory
1951,6,13.8,23.8,4.3,17.1,10.4,52.2,2.8,7.3,40.0,194.1,2275,Valentia Observatory
1951,7,15.3,23.3,6.2,18.5,12.1,51.8,3.9,6.4,34.0,187.7,2275,Valentia Observatory
1951,8,14.5,19.3,7.0,17.1,11.9,170.0,4.8,9.0,48.0,127.7,2275,Valentia Observatory
1951,9,13.6,19.7,7.1,16.3,10.9,197.1,4.6,9.3,57.0,92.3,2275,Valentia Observatory
1951,10,11.7,18.5,2.9,14.5,8.9,175.8,0.3,9.1,64.0,69.8,2275,Valentia Observatory
1951,11,9.5,14.3,0.2,12.1,7.0,157.1,-1.2,9.8,57.0,58.5,2275,Valentia Observatory
1951,12,8.1,12.6,0.2,10.5,5.6,234.6,-2.4,13.2,82.0,38.4,2275,Valentia Observatory
1952,1,5.9,11.8,-2.3,8.8,3.0,153.1,-4.4,12.1,58.0,42.5,2275,Valentia Observatory
1952,2,7.1,12.2,-1.1,9.4,4.7,26.4,-4.4,8.2,51.0,69.1,2275,Valentia Observatory
1952,3,8.8,14.8,0.6,11.5,6.2,94.9,-1.7,12.6,50.0,102.4,2275,Valentia Observatory
1952,4,9.3,16.4,0.0,12.5,6.0,93.7,-3.9,9.3,53.0,145.1,2275,Valentia Observatory
1952,5,12.1,21.5,3.0,15.8,8.5,41.1,0.9,7.7,43.0,206.8,2275,Valentia Observatory
1952,6,13.1,20.0,4.6,16.2,10.0,91.9,2.5,7.6,37.0,158.2,2275,Valentia Observatory
1952,7,15.7,23.8,7.2,18.4,13.1,17.1,3.4,6.5,28.0,142.6,2275,Valentia Observatory
1952,8,15.3,21.6,6.6,18.3,12.4,70.3,4.4,7.5,55.0,148.8,2275,Valentia Observatory
1952,9,12.2,18.3,2.1,15.5,8.8,51.9,-0.6,8.7,43.0,149.1,2275,Valentia Observatory
1952,10,11.3,16.2,1.8,14.2,8.3,177.0,-0.9,12.7,53.0,91.5,2275,Valentia Observatory
1952,11,8.0,14.2,-2.2,10.4,5.7,92.8,-5.3,10.3,59.0,57.9,2275,Valentia Observatory
1952,12,7.4,13.7,-0.4,9.7,5.1,155.0,-2.6,13.4,55.0,47.7,2275,Valentia Observatory
1953,1,7.2,11.9,-1.4,9.5,4.9,60.7,-3.7,9.0,52.0,45.3,2275,Valentia Observatory
1953,2,7.3,13.9,-2.1,9.7,4.9,87.9,-4.4,10.1,50.0,74.4,2275,Valentia Observatory
1953,3,7.4,17.9,-1.9,12.3,2.5,44.6,-3.3,6.2,38.0,165.7,2275,Valentia Observatory
1953,4,8.1,21.3,-1.8,12.0,4.3,88.9,-3.4,7.7,48.0,193.8,2275,Valentia Observatory
1953,5,12.2,21.1,2.4,15.5,9.0,94.7,-0.7,9.5,45.0,153.7,2275,Valentia Observatory
1953,6,13.2,25.8,5.2,16.7,9.6,58.0,2.3,8.4,38.0,183.1,2275,Valentia Observatory
1953,7,14.7,20.5,9.2,17.4,12.1,190.8,6.8,9.7,40.0,165.7,2275,Valentia Observatory
1953,8,15.0,20.6,8.6,17.9,12.0,100.1,6.2,8.3,41.0,111.2,2275,Valentia Observatory
1953,9,14.1,25.1,7.1,16.8,11.3,143.9,0.6,9.3,57.0,92.9,2275,Valentia Observatory
1953,10,11.2,17.7,3.8,14.3,8.1,131.2,0.1,8.5,51.0,87.4,2275,Valentia Observatory
1953,11,9.7,13.9,-0.1,12.1,7.4,157.8,-2.2,11.0,68.0,44.8,2275,Valentia Observatory
1953,12,9.6,13.7,0.1,11.7,7.6,120.9,-1.2,10.1,48.0,23.6,2275,Valentia Observatory
1954,1,6.6,12.8,-2.6,9.1,4.1,142.5,-3.7,10.7,54.0,50.2,2275,Valentia Observatory
1954,2,6.6,12.9,-2.1,9.2,3.9,171.2,-4.4,10.9,65.0,60.5,2275,Valentia Observatory
1954,3,8.0,15.4,-2.4,10.7,5.3,182.9,-3.5,12.9,54.0,78.8,2275,Valentia Observatory
1954,4,9.7,16.6,1.2,13.1,6.3,43.9,-0.9,9.3,48.0,155.2,2275,Valentia Observatory
1954,5,11.2,17.8,2.8,14.4,7.9,84.6,0.4,11.6,53.0,224.4,2275,Valentia Observatory
1954,6,12.8,18.5,4.9,15.6,10.0,71.0,3.6,9.4,47.0,144.4,2275,Valentia Observatory
1954,7,13.6,18.8,8.0,15.8,11.3,106.7,5.3,10.5,43.0,104.6,2275,Valentia Observatory
1954,8,13.9,18.7,7.6,16.8,11.1,89.0,5.7,9.2,44.0,176.9,2275,Valentia Observatory
1954,9,12.8,17.9,3.1,15.6,9.9,136.6,1.2,10.6,44.0,136.7,2275,Valentia Observatory
1954,10,12.6,18.9,3.0,14.8,10.4,197.8,0.2,11.6,50.0,60.0,2275,Valentia Observatory
1954,11,8.6,14.7,0.0,11.4,5.7,158.2,-2.6,10.8,68.0,59.2,2275,Valentia Observatory
1954,12,9.0,14.1,0.6,10.8,7.1,164.3,-0.7,13.6,59.0,25.5,2275,Valentia Observatory
1955,1,5.9,12.2,-3.3,8.6,3.2,142.7,-4.4,12.2,59.0,42.0,2275,Valentia Observatory
1955,2,4.1,12.8,-3.7,7.1,1.0,134.7,-5.4,10.4,47.0,103.2,2275,Valentia Observatory
1955,3,5.5,12.8,-1.6,9.7,1.3,59.2,-3.6,7.9,45.0,221.3,2275,Valentia Observatory
1955,4,10.5,18.6,1.9,14.2,6.8,74.1,-0.7,9.7,57.0,165.5,2275,Valentia Observatory
1955,5,10.4,20.0,1.7,13.5,7.3,136.7,-0.1,11.9,57.0,202.8,2275,Valentia Observatory
1955,6,13.6,22.4,6.6,16.3,10.9,95.0,5.4,9.4,62.0,108.2,2275,Valentia Observatory
1955,7,16.2,26.0,7.6,20.5,11.9,9.1,4.6,5.7,32.0,308.2,2275,Valentia Observatory
1955,8,17.7,29.8,8.2,21.6,13.7,30.2,6.3,7.0,45.0,156.6,2275,Valentia Observatory
1955,9,14.9,21.8,9.9,17.5,12.3,111.5,5.4,11.7,54.0,103.0,2275,Valentia Observatory
1955,10,10.4,18.9,-0.3,13.8,7.1,71.5,-2.3,9.2,44.0,90.5,2275,Valentia Observatory
1955,11,9.5,16.8,0.1,12.4,6.6,121.0,-2.2,9.1,60.0,61.3,2275,Valentia Observatory
1955,12,9.1,13.8,-1.2,11.6,6.6,134.8,-2.2,13.0,51.0,33.2,2275,Valentia Observatory
1956,1,6.6,12.2,-1.6,9.5,3.8,169.7,-2.7,9.3,46.0,44.1,2275,Valentia Observatory
1956,2,4.4,13.1,-5.1,7.8,1.0,49.5,-6.7,8.9,46.0,120.2,2275,Valentia Observatory
1956,3,9.3,15.7,1.7,11.7,6.8,161.9,-0.9,13.1,54.0,69.4,2275,Valentia Observatory
1956,4,8.9,15.6,0.2,12.7,5.2,22.0,-2.0,8.9,40.0,154.7,2275,Valentia Observatory
1956,5,11.5,19.5,2.8,14.8,8.2,66.4,0.2,10.3,40.0,195.2,2275,Valentia Observatory
1956,6,12.9,23.6,4.9,15.7,10.1,66.7,3.5,9.2,46.0,173.1,2275,Valentia Observatory
1956,7,14.5,20.8,8.2,17.1,11.8,112.0,6.7,8.3,44.0,138.0,2275,Valentia Observatory
1956,8,13.5,19.0,5.9,16.4,10.7,154.9,5.1,8.4,43.0,151.7,2275,Valentia Observatory
1956,9,14.2,20.8,6.8,16.7,11.7,80.0,3.9,9.1,52.0,68.2,2275,Valentia Observatory
1956,10,10.8,19.0,1.4,14.1,7.5,90.1,-1.4,9.0,55.0,98.0,2275,Valentia Observatory
1956,11,8.9,13.9,-0.6,11.2,6.6,110.7,-2.6,10.1,64.0,51.8,2275,Valentia Observatory
1956,12,8.6,13.5,2.4,10.9,6.2,158.0,-0.6,12.9,62.0,31.6,2275,Valentia Observatory
1957,1,7.3,13.4,-2.1,10.1,4.4,175.8,-3.6,12.6,71.0,57.2,2275,Valentia Observatory
1957,2,6.9,12.6,-2.2,10.0,3.8,145.8,-4.8,11.4,77.0,85.5,2275,Valentia Observatory
1957,3,10.5,15.3,2.7,12.8,8.2,197.1,1.3,11.0,51.0,58.3,2275,Valentia Observatory
1957,4,9.4,18.9,1.1,13.5,5.4,69.2,0.1,7.6,36.0,203.0,2275,Valentia Observatory
1957,5,11.5,20.7,4.2,15.2,7.8,71.0,3.3,7.8,56.0,243.5,2275,Valentia Observatory
1957,6,14.0,26.2,3.8,18.5,9.4,47.7,1.7,7.4,39.0,249.1,2275,Valentia Observatory
1957,7,15.3,23.6,8.7,18.1,12.5,142.0,7.9,9.3,43.0,110.1,2275,Valentia Observatory
1957,8,15.2,25.6,6.0,18.1,12.2,84.1,5.1,8.4,49.0,122.3,2275,Valentia Observatory
1957,9,13.6,18.3,6.2,15.9,11.3,165.7,4.3,10.1,49.0,72.3,2275,Valentia Observatory
1957,10,11.8,17.6,0.6,14.2,9.3,144.4,0.3,9.8,55.0,72.6,2275,Valentia Observatory
1957,11,8.3,13.9,-1.3,11.0,5.7,66.0,-3.3,8.9,56.0,68.1,2275,Valentia Observatory
1957,12,7.8,13.3,-3.4,10.3,5.4,128.1,-4.6,11.1,59.0,47.7,2275,Valentia Observatory
1958,1,6.9,13.4,-7.2,9.5,4.3,214.8,-5.2,11.1,50.0,46.8,2275,Valentia Observatory
1958,2,7.8,14.4,-1.8,10.5,5.1,130.8,-3.2,9.6,64.0,51.0,2275,Valentia Observatory
1958,3,7.3,14.4,-2.7,9.8,4.8,133.5,-3.5,12.0,59.0,69.5,2275,Valentia Observatory
1958,4,9.1,21.1,0.2,12.1,6.0,40.6,-1.8,9.3,49.0,134.8,2275,Valentia Observatory
1958,5,10.5,21.7,2.2,13.8,7.2,123.1,-0.3,10.2,66.0,168.4,2275,Valentia Observatory
1958,6,13.0,18.9,7.6,15.8,10.2,131.2,4.9,10.0,44.0,139.1,2275,Valentia Observatory
1958,7,14.6,21.4,6.7,17.5,11.6,108.2,5.2,7.8,45.0,118.6,2275,Valentia Observatory
1958,8,15.1,21.6,7.8,17.7,12.4,143.1,7.3,10.0,39.0,131.3,2275,Valentia Observatory
1958,9,15.0,21.7,5.1,17.9,12.0,198.9,2.6,10.7,56.0,103.3,2275,Valentia Observatory
1958,10,11.8,16.7,5.1,14.0,9.6,103.8,2.7,8.2,37.0,56.0,2275,Valentia Observatory
1958,11,10.0,15.0,1.4,12.4,7.6,107.2,-0.4,8.3,41.0,46.0,2275,Valentia Observatory
1958,12,6.8,12.8,-2.1,9.8,3.9,150.0,-5.3,10.1,64.0,51.6,2275,Valentia Observatory
1959,1,6.0,12.2,-3.8,8.9,3.1,120.1,-8.3,10.5,61.0,71.9,2275,Valentia Observatory
1959,2,8.6,13.3,-2.8,11.0,6.3,46.9,-5.9,11.7,49.0,64.6,2275,Valentia Observatory
1959,3,8.6,14.2,1.7,11.5,5.7,168.9,-0.9,12.5,58.0,102.0,2275,Valentia Observatory
1959,4,9.2,14.3,1.4,12.1,6.4,106.8,-0.8,10.8,73.0,143.0,2275,Valentia Observatory
1959,5,12.2,24.1,2.1,16.3,8.0,65.1,0.0,7.3,50.0,239.8,2275,Valentia Observatory
1959,6,13.9,24.9,5.5,17.4,10.5,67.3,4.3,9.6,45.0,224.7,2275,Valentia Observatory
1959,7,15.1,26.1,6.3,18.4,11.8,50.0,4.6,8.9,39.0,168.8,2275,Valentia Observatory
1959,8,15.6,22.4,7.3,19.2,12.0,63.0,6.2,8.5,70.0,180.8,2275,Valentia Observatory
1959,9,15.0,26.7,6.6,19.9,10.1,60.9,4.5,6.7,39.0,163.6,2275,Valentia Observatory
1959,10,13.6,23.5,5.1,16.5,10.7,208.0,2.3,13.2,67.0,94.2,2275,Valentia Observatory
1959,11,8.6,16.6,0.6,11.5,5.7,196.4,-1.1,11.6,85.0,66.7,2275,Valentia Observatory
1959,12,7.9,13.0,0.1,10.3,5.4,319.5,-2.2,15.2,56.0,43.2,2275,Valentia Observatory
1960,1,6.6,12.9,-2.3,9.5,3.6,164.4,-4.8,10.0,57.0,67.1,2275,Valentia Observatory
1960,2,5.6,16.8,-3.7,8.9,2.3,135.2,-5.6,10.6,55.0,100.4,2275,Valentia Observatory
1960,3,8.9,16.3,1.7,11.9,5.9,122.9,-0.9,11.6,52.0,90.4,2275,Valentia Observatory
1960,4,9.6,18.4,2.3,13.3,6.0,102.8,0.7,9.8,46.0,178.8,2275,Valentia Observatory
1960,5,12.4,20.5,2.2,16.2,8.7,84.5,0.5,8.2,44.0,165.7,2275,Valentia Observatory
1960,6,14.7,23.9,7.8,18.0,11.4,68.6,5.0,9.3,53.0,205.3,2275,Valentia Observatory
1960,7,14.3,19.2,8.4,16.8,11.8,174.5,6.4,9.4,42.0,147.2,2275,Valentia Observatory
1960,8,14.6,21.1,7.2,17.9,11.4,60.0,5.6,7.6,41.0,200.7,2275,Valentia Observatory
1960,9,13.1,19.0,4.4,16.5,9.7,162.9,2.3,8.8,46.0,123.9,2275,Valentia Observatory
1960,10,10.4,17.7,1.0,14.1,6.7,109.4,-0.6,6.5,43.0,101.5,2275,Valentia Observatory
1960,11,8.4,14.3,-0.1,11.2,5.6,283.6,-2.2,12.7,63.0,54.1,2275,Valentia Observatory
1960,12,6.8,12.3,-0.9,9.2,4.4,221.6,-2.8,11.3,76.0,34.3,2275,Valentia Observatory
1961,1,6.9,12.4,-1.2,9.7,4.1,261.1,-3.1,12.0,63.0,53.2,2275,Valentia Observatory
1961,2,9.1,13.3,4.5,11.1,7.2,124.2,3.2,14.8,61.0,32.4,2275,Valentia Observatory
1961,3,9.6,15.4,2.3,12.0,7.2,19.1,0.0,11.2,41.0,102.3,2275,Valentia Observatory
1961,4,10.5,17.1,3.0,13.7,7.3,147.8,2.1,9.3,48.0,147.9,2275,Valentia Observatory
1961,5,11.2,20.5,2.9,15.6,6.9,44.3,-0.2,8.9,44.0,277.9,2275,Valentia Observatory
1961,6,12.9,19.1,5.8,15.7,10.2,59.4,4.1,8.4,35.0,115.6,2275,Valentia Observatory
1961,7,14.2,20.2,6.2,17.1,11.4,93.5,4.7,8.1,47.0,155.5,2275,Valentia Observatory
1961,8,14.3,22.5,6.3,17.4,11.2,47.0,4.3,9.9,46.0,150.4,2275,Valentia Observatory
1961,9,13.6,20.2,4.8,17.0,10.3,205.3,2.6,9.9,88.0,103.1,2275,Valentia Observatory
1961,10,11.2,18.9,3.0,14.0,8.4,173.6,0.7,10.8,73.0,91.8,2275,Valentia Observatory
1961,11,8.2,13.9,0.2,10.7,5.8,92.8,-0.9,8.4,46.0,53.0,2275,Valentia Observatory
1961,12,6.3,13.8,-5.3,8.7,3.8,107.7,-6.7,11.7,49.0,49.6,2275,Valentia Observatory
1962,1,7.1,11.9,-5.1,9.8,4.3,165.8,-7.2,13.0,72.0,42.0,2275,Valentia Observatory
1962,2,7.0,12.3,-0.1,9.3,4.7,36.6,-1.7,11.6,50.0,65.8,2275,Valentia Observatory
1962,3,5.6,13.8,-5.1,9.4,1.8,126.9,-6.7,8.3,61.0,146.1,2275,Valentia Observatory
1962,4,9.1,19.4,2.3,12.5,5.6,75.1,-0.8,9.5,59.0,184.3,2275,Valentia Observatory
1962,5,10.9,18.5,4.2,14.0,7.7,95.0,0.1,10.6,42.0,212.3,2275,Valentia Observatory
1962,6,12.6,21.6,2.8,16.6,8.5,69.3,0.3,9.5,48.0,209.6,2275,Valentia Observatory
1962,7,14.2,20.9,7.2,17.6,10.8,68.6,5.3,8.5,39.0,127.4,2275,Valentia Observatory
1962,8,14.2,23.2,7.3,17.1,11.2,125.1,5.6,9.6,44.0,160.1,2275,Valentia Observatory
1962,9,12.8,18.8,3.3,16.0,9.6,143.5,1.2,9.4,66.0,116.0,2275,Valentia Observatory
1962,10,11.4,18.7,2.8,14.9,8.0,71.4,0.1,7.9,51.0,109.2,2275,Valentia Observatory
1962,11,7.7,13.9,-0.1,10.6,4.9,123.3,-3.2,7.8,49.0,49.9,2275,Valentia Observatory
1962,12,7.0,12.3,-3.8,9.1,4.9,131.7,-6.8,13.4,63.0,50.3,2275,Valentia Observatory
1963,1,2.6,9.6,-3.9,5.1,0.1,26.1,-6.1,11.0,58.0,88.9,2275,Valentia Observatory
1963,2,4.4,11.0,-4.4,7.1,1.7,122.4,-7.1,11.6,64.0,69.5,2275,Valentia Observatory
1963,3,8.1,13.6,0.0,11.0,5.2,260.0,-2.3,12.1,54.0,107.0,2275,Valentia Observatory
1963,4,8.6,15.0,0.7,11.5,5.6,99.2,-1.6,9.9,50.0,122.1,2275,Valentia Observatory
1963,5,10.3,19.0,4.5,13.1,7.6,83.1,2.9,10.9,61.0,152.0,2275,Valentia Observatory
1963,6,14.0,24.9,7.8,17.3,10.8,54.5,5.0,8.3,38.0,158.0,2275,Valentia Observatory
1963,7,14.3,21.3,5.4,17.3,11.3,118.3,2.9,7.6,40.0,148.0,2275,Valentia Observatory
1963,8,13.8,19.1,8.2,16.3,11.3,116.7,5.1,10.6,40.0,115.8,2275,Valentia Observatory
1963,9,13.0,20.2,4.9,15.8,10.2,66.5,2.2,9.8,40.0,111.6,2275,Valentia Observatory
1963,10,12.0,16.5,4.0,14.7,9.2,160.6,0.5,11.9,51.0,68.1,2275,Valentia Observatory
1963,11,9.0,14.3,0.7,11.7,6.3,209.4,-2.7,13.3,63.0,55.4,2275,Valentia Observatory
1963,12,6.1,12.2,-3.9,8.6,3.6,79.2,-7.3,11.7,63.0,54.4,2275,Valentia Observatory
1964,1,7.6,12.1,-2.8,10.0,5.2,49.6,-5.6,11.7,53.0,46.5,2275,Valentia Observatory
1964,2,7.4,12.9,-0.4,9.8,5.0,126.8,-4.5,12.3,63.0,64.6,2275,Valentia Observatory
1964,3,8.0,14.4,-0.9,10.8,5.2,194.4,-5.0,11.4,61.0,86.3,2275,Valentia Observatory
1964,4,9.1,15.4,0.6,12.0,6.2,103.4,-2.5,10.3,44.0,141.6,2275,Valentia Observatory
1964,5,12.4,23.2,3.8,15.6,9.2,147.4,1.1,12.4,53.0,159.8,2275,Valentia Observatory
1964,6,12.9,18.6,4.1,15.6,10.2,112.2,2.1,9.9,47.0,132.7,2275,Valentia Observatory
1964,7,14.5,20.2,6.2,17.2,11.7,97.8,3.6,9.3,48.0,124.5,2275,Valentia Observatory
1964,8,14.7,21.7,4.6,17.8,11.6,108.6,1.9,8.3,45.0,150.5,2275,Valentia Observatory
1964,9,14.1,21.6,6.0,17.3,10.9,102.8,3.9,9.4,54.0,141.1,2275,Valentia Observatory
1964,10,11.5,19.9,3.3,14.0,8.9,148.1,0.5,10.9,52.0,74.8,2275,Valentia Observatory
1964,11,9.8,14.8,0.3,12.4,7.2,112.4,-1.3,12.0,58.0,65.4,2275,Valentia Observatory
1964,12,7.0,13.6,-2.2,9.7,4.3,182.4,-4.3,12.6,57.0,50.4,2275,Valentia Observatory
1965,1,5.6,12.3,-3.3,8.4,2.7,181.1,-5.3,15.5,78.0,78.2,2275,Valentia Observatory
1965,2,4.8,10.9,-4.7,7.9,1.6,2.3,-6.2,7.2,44.0,84.9,2275,Valentia Observatory
1965,3,8.3,20.3,-4.8,11.4,5.3,106.2,-7.2,13.8,53.0,129.6,2275,Valentia Observatory
1965,4,9.2,14.3,2.7,12.0,6.5,89.8,0.6,11.9,53.0,132.7,2275,Valentia Observatory
1965,5,11.6,21.1,3.1,14.5,8.7,84.3,0.2,10.9,50.0,136.9,2275,Valentia Observatory
1965,6,13.1,23.2,4.2,16.3,10.0,134.0,2.3,10.3,56.0,179.3,2275,Valentia Observatory
1965,7,14.5,20.7,6.2,17.6,11.4,64.0,3.8,8.3,36.0,174.6,2275,Valentia Observatory
1965,8,14.5,21.0,7.0,17.4,11.6,98.8,4.4,10.0,45.0,128.2,2275,Valentia Observatory
1965,9,12.1,17.4,4.9,14.9,9.4,156.9,2.2,9.9,66.0,88.4,2275,Valentia Observatory
1965,10,12.7,20.1,4.7,15.6,9.7,63.6,2.6,10.7,47.0,81.1,2275,Valentia Observatory
1965,11,7.4,13.8,-2.3,10.2,4.6,155.3,-4.0,12.5,63.0,54.1,2275,Valentia Observatory
1965,12,7.4,13.1,-2.4,10.2,4.7,222.8,-4.8,13.9,60.0,43.4,2275,Valentia Observatory
1966,1,6.4,12.3,-4.5,8.6,4.3,175.5,-7.1,13.5,64.0,34.9,2275,Valentia Observatory
1966,2,8.8,14.6,4.0,11.1,6.5,240.9,0.5,15.3,64.0,62.5,2275,Valentia Observatory
1966,3,8.6,12.2,0.1,11.0,6.2,65.6,-1.7,10.9,52.0,93.9,2275,Valentia Observatory
1966,4,9.6,17.2,1.7,12.1,7.1,149.5,-0.4,14.8,63.0,94.7,2275,Valentia Observatory
1966,5,10.8,21.1,4.5,14.1,7.6,127.0,0.1,12.4,48.0,224.4,2275,Valentia Observatory
1966,6,13.7,20.3,5.1,16.4,10.9,91.5,2.0,9.6,38.0,141.2,2275,Valentia Observatory
1966,7,14.4,21.7,7.9,17.1,11.7,47.4,5.9,9.5,32.0,151.0,2275,Valentia Observatory
1966,8,14.7,21.1,5.6,17.8,11.6,83.4,3.5,9.2,42.0,156.4,2275,Valentia Observatory
1966,9,14.6,20.6,5.2,17.8,11.4,70.2,2.8,9.6,48.0,109.8,2275,Valentia Observatory
1966,10,9.9,18.6,-0.1,13.4,6.5,185.9,-3.1,9.6,63.0,112.0,2275,Valentia Observatory
1966,11,7.5,12.7,-2.3,10.1,5.0,69.4,-4.9,12.3,51.0,72.7,2275,Valentia Observatory
1966,12,8.6,12.3,0.3,10.7,6.5,101.0,-2.0,15.0,66.0,20.5,2275,Valentia Observatory
1967,1,6.8,12.3,-1.8,9.4,4.2,125.8,-5.0,11.7,56.0,43.1,2275,Valentia Observatory
1967,2,7.0,12.1,-0.6,9.6,4.3,146.9,-3.8,13.5,67.0,68.9,2275,Valentia Observatory
1967,3,7.4,12.7,-1.3,10.1,4.7,67.7,-3.9,13.6,62.0,102.5,2275,Valentia Observatory
1967,4,9.2,19.0,1.7,12.6,5.8,38.0,-1.3,10.1,42.0,183.1,2275,Valentia Observatory
1967,5,9.6,14.7,1.7,12.8,6.5,136.0,-1.9,12.4,60.0,170.9,2275,Valentia Observatory
1967,6,13.1,19.5,4.7,16.6,9.5,28.6,2.7,8.3,47.0,147.9,2275,Valentia Observatory
1967,7,14.4,19.7,7.7,17.0,11.9,85.9,4.9,9.0,33.0,85.8,2275,Valentia Observatory
1967,8,14.6,23.0,7.9,17.6,11.6,145.2,5.7,9.1,39.0,132.0,2275,Valentia Observatory
1967,9,12.9,17.4,5.0,15.7,10.1,135.6,2.4,11.9,67.0,88.4,2275,Valentia Observatory
1967,10,10.6,17.6,2.5,13.4,7.9,196.5,0.3,14.9,62.0,80.2,2275,Valentia Observatory
1967,11,7.8,14.6,-2.4,10.8,4.8,137.9,-5.6,10.7,61.0,59.5,2275,Valentia Observatory
1967,12,8.0,13.0,0.4,10.1,5.8,99.9,-3.1,11.2,50.0,26.3,2275,Valentia Observatory
1968,1,8.1,13.3,0.0,10.5,5.7,137.3,-4.0,13.5,62.0,18.6,2275,Valentia Observatory
1968,2,4.4,11.8,-4.3,8.0,0.8,78.3,-7.0,10.6,65.0,106.2,2275,Valentia Observatory
1968,3,7.3,13.9,-1.2,10.3,4.2,80.1,-2.8,12.1,57.0,92.8,2275,Valentia Observatory
1968,4,8.8,14.9,-1.3,12.2,5.3,131.1,-3.3,11.1,51.0,157.1,2275,Valentia Observatory
1968,5,9.8,18.1,0.9,13.5,6.2,65.9,-1.9,10.6,48.0,192.4,2275,Valentia Observatory
1968,6,13.5,23.0,3.5,17.1,9.9,78.8,2.0,9.1,41.0,199.2,2275,Valentia Observatory
1968,7,14.1,22.7,7.7,18.1,10.2,32.1,6.3,6.7,41.0,204.9,2275,Valentia Observatory
1968,8,15.4,23.9,7.3,19.8,11.1,106.1,5.8,7.8,42.0,242.1,2275,Valentia Observatory
1968,9,13.5,19.9,4.4,17.0,10.1,180.0,2.2,11.2,55.0,146.0,2275,Valentia Observatory
1968,10,13.5,19.7,5.8,15.9,11.1,137.5,1.7,12.3,50.0,65.4,2275,Valentia Observatory
1968,11,9.7,15.5,0.3,12.0,7.4,226.7,-5.7,13.8,57.0,37.3,2275,Valentia Observatory
1968,12,6.7,13.6,-2.9,9.9,3.6,207.3,-5.2,10.7,59.0,40.9,2275,Valentia Observatory
1969,1,6.7,12.6,-2.0,9.3,4.0,230.3,-4.9,11.7,64.0,47.7,2275,Valentia Observatory
1969,2,3.7,11.8,-7.3,6.9,0.6,51.0,-10.1,11.2,53.0,93.6,2275,Valentia Observatory
1969,3,6.8,13.6,-3.5,10.3,3.3,30.9,-4.8,8.6,42.0,102.6,2275,Valentia Observatory
1969,4,8.7,16.4,-1.3,12.3,5.0,66.4,-3.5,9.7,56.0,167.4,2275,Valentia Observatory
1969,5,10.5,17.7,1.5,14.3,6.8,61.8,-0.7,8.4,33.0,175.4,2275,Valentia Observatory
1969,6,13.1,24.8,5.4,16.9,9.3,87.1,2.9,8.9,44.0,173.4,2275,Valentia Observatory
1969,7,14.8,28.3,6.3,18.0,11.6,78.9,2.6,9.1,41.0,146.8,2275,Valentia Observatory
1969,8,14.7,21.0,7.7,17.7,11.7,98.1,5.9,9.7,41.0,143.2,2275,Valentia Observatory
1969,9,13.4,19.1,3.5,16.8,10.0,58.4,1.7,7.8,40.0,106.2,2275,Valentia Observatory
1969,10,13.6,21.2,2.0,16.3,10.9,74.2,0.2,10.8,50.0,59.8,2275,Valentia Observatory
1969,11,7.4,15.9,0.6,10.0,4.7,148.2,-1.5,11.7,64.0,46.0,2275,Valentia Observatory
1969,12,7.2,12.6,-1.2,9.6,4.8,146.3,-2.8,12.6,52.0,39.8,2275,Valentia Observatory
1970,1,6.8,12.6,-2.6,9.6,4.1,194.6,-5.1,11.8,63.0,53.9,2275,Valentia Observatory
1970,2,6.0,12.2,-0.9,8.7,3.3,155.0,-2.6,13.9,58.0,87.6,2275,Valentia Observatory
1970,3,6.3,13.1,-2.8,9.5,3.2,58.0,-5.0,11.8,48.0,148.1,2275,Valentia Observatory
1970,4,8.2,13.8,-0.5,11.0,5.3,133.5,-2.1,12.1,47.0,123.7,2275,Valentia Observatory
1970,5,11.9,19.4,6.1,14.7,9.2,54.8,3.0,9.4,38.0,131.3,2275,Valentia Observatory
1970,6,15.1,24.4,6.8,18.8,11.3,107.6,3.9,8.4,49.0,203.5,2275,Valentia Observatory
1970,7,14.1,20.3,6.3,16.7,11.6,87.7,3.3,9.5,37.0,104.3,2275,Valentia Observatory
1970,8,14.3,23.0,5.8,17.3,11.3,51.7,4.0,8.5,45.0,101.5,2275,Valentia Observatory
1970,9,13.8,23.2,4.5,16.8,10.7,163.6,2.8,11.6,60.0,83.7,2275,Valentia Observatory
1970,10,11.9,17.0,1.5,14.3,9.6,77.0,0.1,12.3,49.0,58.9,2275,Valentia Observatory
1970,11,9.1,15.5,-0.4,11.6,6.5,207.9,-2.7,12.2,58.0,41.1,2275,Valentia Observatory
1970,12,6.2,12.7,-2.2,8.9,3.5,96.2,-6.7,10.9,46.0,64.2,2275,Valentia Observatory
1971,1,7.7,13.4,-1.4,10.2,5.2,181.3,-4.2,14.7,56.0,48.4,2275,Valentia Observatory
1971,2,6.9,12.6,-3.2,9.8,3.9,64.2,-5.7,9.8,55.0,43.1,2275,Valentia Observatory
1971,3,6.7,12.7,-1.5,10.1,3.3,61.0,-2.7,8.8,56.0,84.1,2275,Valentia Observatory
1971,4,8.5,18.2,-0.3,12.6,4.4,54.1,-2.6,7.1,46.0,170.5,2275,Valentia Observatory
1971,5,10.8,18.4,2.4,14.3,7.3,61.5,0.1,10.0,52.0,176.0,2275,Valentia Observatory
1971,6,13.0,23.8,7.6,16.2,9.8,76.4,4.4,9.4,37.0,129.4,2275,Valentia Observatory
1971,7,15.1,25.8,7.1,18.8,11.4,44.5,4.0,8.2,35.0,224.9,2275,Valentia Observatory
1971,8,14.9,20.7,4.9,18.1,11.7,82.2,2.3,8.4,35.0,119.9,2275,Valentia Observatory
1971,9,15.3,24.4,6.4,19.1,11.5,44.1,4.6,7.3,42.0,135.4,2275,Valentia Observatory
1971,10,13.2,22.5,2.7,15.9,10.5,152.1,-0.1,12.4,52.0,84.8,2275,Valentia Observatory
1971,11,9.1,16.8,1.1,12.0,6.3,112.2,-2.2,12.1,55.0,41.9,2275,Valentia Observatory
1971,12,8.6,14.3,-1.4,10.9,6.4,57.8,-4.1,11.4,58.0,33.9,2275,Valentia Observatory
1972,1,5.9,11.6,-3.2,8.8,2.9,202.1,-5.9,12.3,63.0,59.8,2275,Valentia Observatory
1972,2,6.5,11.7,-0.6,9.4,3.6,164.0,-3.7,11.9,59.0,79.7,2275,Valentia Observatory
1972,3,7.2,17.5,-0.9,10.7,3.7,106.8,-3.5,11.0,60.0,153.9,2275,Valentia Observatory
1972,4,8.8,15.0,0.6,12.1,5.5,91.3,-2.2,11.0,53.0,139.3,2275,Valentia Observatory
1972,5,10.0,14.8,2.9,12.8,7.2,137.4,0.4,13.2,52.0,164.6,2275,Valentia Observatory
1972,6,11.2,17.7,6.0,13.9,8.5,85.6,4.8,10.4,41.0,141.6,2275,Valentia Observatory
1972,7,14.8,25.5,8.8,17.9,11.6,84.9,7.3,7.0,39.0,132.1,2275,Valentia Observatory
1972,8,13.6,21.0,5.5,17.3,9.9,80.6,3.8,6.9,36.0,158.0,2275,Valentia Observatory
1972,9,12.9,23.8,3.4,17.3,8.4,29.7,0.5,7.5,36.0,167.9,2275,Valentia Observatory
1972,10,11.5,20.7,0.5,14.8,8.2,124.0,-2.1,9.6,53.0,87.0,2275,Valentia Observatory
1972,11,8.0,15.4,-2.5,11.0,5.1,175.5,-4.0,11.7,54.0,57.4,2275,Valentia Observatory
1972,12,8.5,15.3,-1.7,11.1,5.9,218.7,-5.5,15.8,70.0,27.3,2275,Valentia Observatory
1973,1,7.7,11.9,-2.1,10.0,5.5,151.2,-4.8,11.6,62.0,27.5,2275,Valentia Observatory
1973,2,7.0,10.9,-2.2,9.5,4.4,133.8,-5.3,12.5,70.0,46.0,2275,Valentia Observatory
1973,3,7.6,15.6,-2.0,11.4,3.9,63.9,-5.1,10.8,49.0,117.8,2275,Valentia Observatory
1973,4,8.7,17.2,-0.5,12.1,5.3,39.3,-3.4,11.8,45.0,165.4,2275,Valentia Observatory
1973,5,11.3,18.6,1.6,14.4,8.2,93.6,-0.4,10.8,57.0,124.4,2275,Valentia Observatory
1973,6,13.3,20.1,6.2,16.4,10.2,47.7,2.6,9.0,37.0,128.7,2275,Valentia Observatory
1973,7,14.2,21.6,7.2,17.2,11.1,77.2,4.5,8.0,37.0,141.2,2275,Valentia Observatory
1973,8,14.9,28.4,6.7,18.4,11.4,115.3,4.6,8.0,45.0,145.5,2275,Valentia Observatory
1973,9,14.5,25.3,3.5,17.8,11.2,147.8,1.2,9.6,54.0,123.6,2275,Valentia Observatory
1973,10,11.6,19.0,1.3,14.6,8.6,60.6,-1.0,9.0,51.0,96.0,2275,Valentia Observatory
1973,11,10.0,15.8,-0.9,12.6,7.5,162.8,-4.3,10.5,45.0,34.4,2275,Valentia Observatory
1973,12,7.6,12.9,0.0,10.6,4.6,143.1,-2.6,11.6,51.0,32.5,2275,Valentia Observatory
1974,1,8.0,13.0,-0.6,10.7,5.3,318.6,-2.6,16.7,87.0,38.3,2275,Valentia Observatory
1974,2,7.0,12.2,1.2,9.6,4.4,177.7,-0.9,11.6,72.0,60.6,2275,Valentia Observatory
1974,3,7.5,13.9,-2.5,10.5,4.4,76.3,-4.2,10.3,53.0,101.8,2275,Valentia Observatory
1974,4,9.5,19.3,0.2,14.1,4.9,59.8,-4.4,6.6,39.0,177.7,2275,Valentia Observatory
1974,5,10.6,16.8,1.0,13.9,7.4,152.4,-2.1,11.4,50.0,175.8,2275,Valentia Observatory
1974,6,13.4,24.9,7.1,16.4,10.4,38.3,4.6,9.1,53.0,129.8,2275,Valentia Observatory
1974,7,14.2,18.4,8.5,16.4,12.0,97.6,5.6,9.8,36.0,107.4,2275,Valentia Observatory
1974,8,14.4,20.5,6.2,17.5,11.3,168.7,3.1,9.9,43.0,158.5,2275,Valentia Observatory
1974,9,11.7,17.3,2.8,14.3,9.0,225.7,-1.1,12.6,61.0,89.8,2275,Valentia Observatory
1974,10,9.2,13.9,1.0,11.8,6.6,75.7,-2.6,10.5,49.0,67.0,2275,Valentia Observatory
1974,11,7.9,13.3,-1.4,10.8,5.1,109.5,-4.2,11.7,54.0,62.0,2275,Valentia Observatory
1974,12,9.4,13.4,0.8,11.5,7.3,93.3,-2.2,17.1,57.0,22.4,2275,Valentia Observatory
1975,1,8.0,12.6,0.3,10.6,5.5,209.9,-2.0,14.9,66.0,38.2,2275,Valentia Observatory
1975,2,8.7,14.8,-0.7,11.2,6.1,80.4,-3.3,12.5,46.0,81.8,2275,Valentia Observatory
1975,3,6.8,13.3,-2.6,10.1,3.5,74.4,-7.1,10.3,43.0,118.5,2275,Valentia Observatory
1975,4,8.7,17.8,0.3,11.8,5.6,97.2,-4.3,10.2,43.0,130.0,2275,Valentia Observatory
1975,5,11.3,22.8,2.2,15.7,6.9,29.4,0.6,7.4,39.0,244.8,2275,Valentia Observatory
1975,6,13.9,23.2,5.3,17.7,10.1,18.0,1.1,8.4,46.0,211.0,2275,Valentia Observatory
1975,7,15.6,24.6,6.3,19.1,12.1,80.9,4.2,8.3,36.0,146.4,2275,Valentia Observatory
1975,8,16.1,27.0,7.9,19.6,12.6,34.7,5.4,7.8,45.0,143.2,2275,Valentia Observatory
1975,9,12.7,19.0,5.1,16.0,9.3,160.2,3.0,10.5,48.0,122.2,2275,Valentia Observatory
1975,10,12.1,16.9,2.0,14.5,9.8,213.9,-0.9,13.6,58.0,47.9,2275,Valentia Observatory
1975,11,9.3,14.9,0.9,11.9,6.7,126.9,-2.2,10.5,46.0,42.7,2275,Valentia Observatory
1975,12,7.0,12.8,-2.0,9.7,4.4,74.2,-4.9,9.2,59.0,40.3,2275,Valentia Observatory
1976,1,7.9,13.6,-2.3,10.1,5.7,96.3,-5.7,14.1,72.0,27.7,2275,Valentia Observatory
1976,2,6.9,13.8,-2.0,9.7,4.1,81.7,-6.0,12.5,61.0,46.7,2275,Valentia Observatory
1976,3,8.1,13.1,-0.8,10.7,5.4,189.6,-4.5,13.8,57.0,62.7,2275,Valentia Observatory
1976,4,9.1,21.1,-0.7,13.1,5.1,34.4,-2.8,9.0,44.0,192.1,2275,Valentia Observatory
1976,5,10.7,18.4,3.0,13.6,7.7,125.6,0.5,11.8,53.0,119.6,2275,Valentia Observatory
1976,6,14.2,25.7,5.7,17.5,10.9,111.5,3.7,9.1,42.0,165.9,2275,Valentia Observatory
1976,7,15.8,29.7,9.1,19.2,12.4,73.7,7.1,8.2,47.0,132.5,2275,Valentia Observatory
1976,8,16.9,28.1,8.2,21.5,12.2,16.4,5.9,5.8,33.0,202.0,2275,Valentia Observatory
1976,9,13.9,21.9,6.5,17.1,10.7,171.3,3.4,10.9,60.0,94.9,2275,Valentia Observatory
1976,10,10.1,16.6,0.1,13.5,6.7,187.6,-1.9,10.5,55.0,109.6,2275,Valentia Observatory
1976,11,8.1,14.5,-1.4,11.2,5.1,169.6,-3.6,9.8,58.0,66.0,2275,Valentia Observatory
1976,12,5.2,11.3,-4.3,8.1,2.2,189.3,-6.2,10.4,65.0,46.8,2275,Valentia Observatory
1977,1,5.4,11.4,-4.0,8.0,2.8,173.1,-5.6,10.9,54.0,43.6,2275,Valentia Observatory
1977,2,6.7,11.2,-1.0,9.4,4.0,191.6,-2.9,12.2,56.0,50.2,2275,Valentia Observatory
1977,3,8.2,14.0,-1.0,10.9,5.5,206.8,-4.5,15.1,64.0,78.1,2275,Valentia Observatory
1977,4,8.4,13.9,0.8,10.9,5.9,74.7,-0.8,12.6,52.0,128.7,2275,Valentia Observatory
1977,5,10.6,21.2,1.5,14.7,6.5,37.6,-1.2,6.9,39.0,194.6,2275,Valentia Observatory
1977,6,12.4,22.7,4.4,16.2,8.7,55.3,0.7,8.0,44.0,185.4,2275,Valentia Observatory
1977,7,15.4,24.3,7.8,18.8,11.9,58.8,4.0,8.8,42.0,140.9,2275,Valentia Observatory
1977,8,14.8,22.8,6.4,18.6,11.0,50.0,4.5,8.3,53.0,175.6,2275,Valentia Observatory
1977,9,13.4,22.1,4.5,17.0,9.8,81.7,1.5,10.2,53.0,121.9,2275,Valentia Observatory
1977,10,12.4,17.5,5.9,14.6,10.2,313.1,3.4,13.9,55.0,58.0,2275,Valentia Observatory
1977,11,7.7,15.1,-1.9,10.3,5.1,146.3,-4.8,14.7,64.0,36.8,2275,Valentia Observatory
1977,12,8.7,13.9,-0.6,10.7,6.7,152.8,-3.6,12.6,58.0,16.8,2275,Valentia Observatory
1978,1,5.8,11.3,-1.0,8.4,3.1,165.2,-2.9,12.7,67.0,45.9,2275,Valentia Observatory
1978,2,5.8,13.5,-4.1,8.6,3.1,129.8,-6.0,12.7,71.0,60.6,2275,Valentia Observatory
1978,3,7.5,13.3,-1.0,10.5,4.6,201.9,-3.6,14.7,62.0,89.0,2275,Valentia Observatory
1978,4,8.2,15.2,0.1,11.6,4.8,66.1,-2.4,11.1,54.0,140.9,2275,Valentia Observatory
1978,5,11.2,24.6,1.0,15.1,7.3,23.7,-2.1,7.7,36.0,174.1,2275,Valentia Observatory
1978,6,12.8,23.0,6.8,15.9,9.8,88.8,2.3,9.7,43.0,167.2,2275,Valentia Observatory
1978,7,13.8,24.1,8.3,16.5,11.1,97.5,6.2,9.7,42.0,102.7,2275,Valentia Observatory
1978,8,14.4,19.9,7.6,17.3,11.5,179.5,5.9,8.3,47.0,147.2,2275,Valentia Observatory
1978,9,14.1,19.5,4.0,17.1,11.1,42.2,1.4,10.8,47.0,111.4,2275,Valentia Observatory
1978,10,12.5,20.5,4.1,15.2,9.8,59.6,1.4,9.0,47.0,71.0,2275,Valentia Observatory
1978,11,10.8,16.0,2.1,13.0,8.6,165.3,-0.8,14.6,62.0,31.6,2275,Valentia Observatory
1978,12,7.1,14.0,-4.0,9.8,4.4,290.1,-5.9,13.0,69.0,48.9,2275,Valentia Observatory
1979,1,4.9,11.3,-5.6,7.5,2.3,128.3,-7.6,11.5,53.0,47.2,2275,Valentia Observatory
1979,2,5.2,12.1,-4.4,8.1,2.4,149.1,-6.1,13.2,66.0,49.1,2275,Valentia Observatory
1979,3,6.1,12.7,-2.1,8.8,3.3,120.5,-3.6,14.6,50.0,87.6,2275,Valentia Observatory
1979,4,7.8,15.0,-0.6,10.6,5.0,49.0,-3.0,10.3,38.0,125.4,2275,Valentia Observatory
1979,5,9.2,16.0,0.5,12.3,6.1,127.9,-1.2,11.0,43.0,178.0,2275,Valentia Observatory
1979,6,13.0,21.5,7.7,15.9,10.2,77.3,3.9,8.7,33.0,150.9,2275,Valentia Observatory
1979,7,14.6,21.4,8.1,17.4,11.8,38.7,3.6,7.9,31.0,80.9,2275,Valentia Observatory
1979,8,14.1,21.4,6.1,16.7,11.4,155.4,3.8,10.2,52.0,105.1,2275,Valentia Observatory
1979,9,13.0,18.1,3.7,16.1,9.9,99.0,-0.1,10.1,43.0,91.2,2275,Valentia Observatory
1979,10,11.4,19.0,2.3,15.0,7.8,176.4,-1.2,10.5,58.0,110.6,2275,Valentia Observatory
1979,11,9.8,15.3,1.7,12.0,7.6,181.8,-2.4,14.4,53.0,37.7,2275,Valentia Observatory
1979,12,7.6,13.7,1.0,9.9,5.2,270.5,-1.6,14.2,82.0,27.2,2275,Valentia Observatory
1980,1,6.2,12.2,-3.7,8.8,3.6,134.5,-6.7,10.6,57.0,63.1,2275,Valentia Observatory
1980,2,7.7,12.0,-0.5,10.5,5.0,202.4,-3.5,9.3,48.0,52.7,2275,Valentia Observatory
1980,3,6.6,12.1,-2.0,9.3,4.0,147.2,-4.7,12.5,63.0,82.7,2275,Valentia Observatory
1980,4,9.1,14.8,0.9,12.5,5.6,24.1,-1.7,8.1,41.0,168.3,2275,Valentia Observatory
1980,5,11.3,20.6,1.3,15.1,7.6,51.1,-1.8,10.1,47.0,185.8,2275,Valentia Observatory
1980,6,12.7,21.9,6.3,15.3,10.1,85.1,4.3,10.3,45.0,88.3,2275,Valentia Observatory
1980,7,13.8,20.7,5.3,16.5,11.2,160.8,3.0,10.5,46.0,110.6,2275,Valentia Observatory
1980,8,15.2,22.1,9.3,17.8,12.6,146.2,5.9,9.5,42.0,91.7,2275,Valentia Observatory
1980,9,13.9,19.9,5.5,16.4,11.4,223.0,1.3,12.4,46.0,78.3,2275,Valentia Observatory
1980,10,10.3,16.2,0.8,13.0,7.7,181.8,-1.3,13.1,65.0,91.1,2275,Valentia Observatory
1980,11,8.3,14.7,-2.6,10.8,5.8,272.4,-5.9,13.1,52.0,33.5,2275,Valentia Observatory
1980,12,8.4,13.0,-2.0,10.7,6.1,147.1,-3.8,14.5,58.0,25.0,2275,Valentia Observatory
1981,1,8.4,12.4,1.1,10.2,6.5,59.2,-1.4,12.1,54.0,22.7,2275,Valentia Observatory
1981,2,6.8,12.6,-1.8,9.5,4.2,158.0,-3.2,13.4,54.0,52.4,2275,Valentia Observatory
1981,3,9.1,14.4,2.0,11.5,6.8,215.2,0.2,14.4,64.0,52.2,2275,Valentia Observatory
1981,4,9.5,17.7,1.1,13.0,5.9,30.5,-0.3,9.0,42.0,137.2,2275,Valentia Observatory
1981,5,10.8,17.2,3.1,13.6,7.9,152.6,1.1,11.7,58.0,112.5,2275,Valentia Observatory
1981,6,12.8,18.6,7.5,15.5,10.1,89.3,4.0,11.6,46.0,127.8,2275,Valentia Observatory
1981,7,14.2,21.7,8.1,16.7,11.7,63.3,5.0,9.8,42.0,126.1,2275,Valentia Observatory
1981,8,15.9,25.0,8.7,19.2,12.6,53.2,5.4,7.2,36.0,134.5,2275,Valentia Observatory
1981,9,14.8,23.0,7.7,17.5,12.1,242.6,5.7,11.1,50.0,93.9,2275,Valentia Observatory
1981,10,9.0,14.7,-1.4,11.8,6.2,121.2,-4.1,12.6,58.0,82.9,2275,Valentia Observatory
1981,11,9.8,14.5,1.9,12.2,7.3,72.2,-0.4,12.2,50.0,31.6,2275,Valentia Observatory
1981,12,5.5,11.8,-3.0,8.7,2.3,148.6,-8.4,10.3,67.0,47.0,2275,Valentia Observatory
1982,1,7.2,13.0,-1.6,9.3,5.2,187.5,-6.2,13.3,58.0,35.7,2275,Valentia Observatory
1982,2,7.9,13.1,-0.9,10.7,5.2,232.9,-3.2,14.7,65.0,59.5,2275,Valentia Observatory
1982,3,7.6,13.8,0.2,10.7,4.4,164.8,-1.8,13.7,58.0,105.4,2275,Valentia Observatory
1982,4,9.4,18.0,1.2,13.4,5.5,33.8,-1.0,8.3,47.0,169.8,2275,Valentia Observatory
1982,5,11.3,22.0,1.4,14.5,8.0,94.6,-0.9,12.2,54.0,185.9,2275,Valentia Observatory
1982,6,14.6,22.0,7.5,17.8,11.4,92.2,4.5,10.1,39.0,136.6,2275,Valentia Observatory
1982,7,15.9,26.4,8.8,19.6,12.1,15.2,6.5,6.7,31.0,183.1,2275,Valentia Observatory
1982,8,14.8,21.8,4.8,17.9,11.8,136.4,2.0,10.8,47.0,112.8,2275,Valentia Observatory
1982,9,13.4,19.1,6.9,16.1,10.6,146.2,3.0,9.5,50.0,72.2,2275,Valentia Observatory
1982,10,11.0,15.8,4.7,13.5,8.6,279.0,2.3,13.9,61.0,68.6,2275,Valentia Observatory
1982,11,8.3,14.3,-1.5,11.1,5.5,194.9,-4.0,13.6,63.0,34.9,2275,Valentia Observatory
1982,12,7.0,12.5,-0.3,9.9,4.2,199.0,-2.6,14.1,66.0,25.1,2275,Valentia Observatory
1983,1,8.3,13.0,0.4,10.5,6.1,192.2,-1.7,16.8,65.0,16.9,2275,Valentia Observatory
1983,2,5.6,11.5,-3.5,8.0,3.2,37.9,-5.2,13.8,61.0,42.3,2275,Valentia Observatory
1983,3,8.5,12.4,0.2,10.7,6.3,124.8,-1.9,12.3,59.0,42.1,2275,Valentia Observatory
1983,4,6.9,15.1,-1.1,10.6,3.2,101.5,-2.9,9.9,46.0,132.4,2275,Valentia Observatory
1983,5,9.8,18.1,2.0,13.1,6.4,118.9,0.6,9.7,50.0,143.7,2275,Valentia Observatory
1983,6,13.2,24.2,5.3,16.6,9.9,88.5,3.0,8.2,44.0,149.1,2275,Valentia Observatory
1983,7,17.0,26.6,8.5,20.7,13.3,20.3,5.6,6.1,35.0,170.4,2275,Valentia Observatory
1983,8,16.6,26.0,7.6,20.5,12.7,74.7,4.6,7.4,37.0,170.7,2275,Valentia Observatory
1983,9,14.1,24.4,5.0,16.9,11.4,204.8,1.5,12.3,67.0,71.8,2275,Valentia Observatory
1983,10,11.3,18.5,-1.3,13.8,8.7,143.7,-4.9,13.3,61.0,57.6,2275,Valentia Observatory
1983,11,10.1,16.7,0.4,12.4,7.7,90.7,-5.0,10.6,48.0,45.7,2275,Valentia Observatory
1983,12,8.9,13.7,2.0,11.1,6.7,234.7,-2.0,13.4,65.0,26.5,2275,Valentia Observatory
1984,1,6.1,13.1,-2.0,9.3,3.0,247.7,-3.9,17.5,73.0,28.9,2275,Valentia Observatory
1984,2,7.3,11.9,-2.8,10.2,4.4,104.5,-4.1,12.4,66.0,54.6,2275,Valentia Observatory
1984,3,6.3,13.3,-0.7,9.6,3.0,51.2,-2.3,8.0,61.0,82.9,2275,Valentia Observatory
1984,4,10.2,24.0,0.9,14.2,6.2,90.3,-0.7,9.6,46.0,175.4,2275,Valentia Observatory
1984,5,10.0,18.7,1.8,14.4,5.6,41.3,-1.0,9.2,46.0,215.5,2275,Valentia Observatory
1984,6,13.3,20.1,5.7,16.2,10.5,42.7,2.0,8.4,35.0,117.8,2275,Valentia Observatory
1984,7,15.9,25.8,7.1,20.0,11.8,79.3,4.1,7.5,41.0,211.0,2275,Valentia Observatory
1984,8,15.9,22.9,6.8,19.6,12.2,115.1,3.5,7.8,36.0,132.6,2275,Valentia Observatory
1984,9,13.1,21.0,3.1,16.5,9.8,104.6,1.4,10.0,44.0,79.3,2275,Valentia Observatory
1984,10,11.2,18.4,2.8,14.3,8.2,206.4,0.7,11.6,69.0,74.2,2275,Valentia Observatory
1984,11,7.6,14.7,-1.4,11.1,4.1,240.7,-5.0,10.5,67.0,65.3,2275,Valentia Observatory
1984,12,7.9,13.8,-0.8,10.7,5.1,186.6,-3.5,11.9,54.0,24.6,2275,Valentia Observatory
1985,1,4.7,12.5,-4.7,7.8,1.7,110.5,-7.2,9.1,52.0,72.9,2275,Valentia Observatory
1985,2,7.9,15.1,1.5,9.9,5.8,110.7,-0.8,13.7,62.0,33.4,2275,Valentia Observatory
1985,3,6.9,13.1,-0.8,9.9,3.8,196.0,-2.1,12.0,58.0,91.3,2275,Valentia Observatory
1985,4,9.8,17.5,1.0,12.8,6.9,70.8,-2.0,12.8,53.0,148.8,2275,Valentia Observatory
1985,5,10.7,21.1,2.3,14.4,7.1,131.6,-1.5,8.9,45.0,190.0,2275,Valentia Observatory
1985,6,12.7,25.1,3.6,15.9,9.4,112.6,-0.5,9.5,58.0,135.6,2275,Valentia Observatory
1985,7,14.5,19.7,8.6,16.9,12.1,66.5,5.7,9.0,36.0,93.0,2275,Valentia Observatory
1985,8,13.7,18.5,9.1,16.0,11.3,272.9,6.1,12.4,48.0,111.5,2275,Valentia Observatory
1985,9,14.6,25.9,5.0,17.3,11.8,117.7,1.6,11.2,42.0,99.3,2275,Valentia Observatory
1985,10,11.8,21.8,2.7,15.0,8.7,94.6,-0.2,8.5,54.0,93.9,2275,Valentia Observatory
1985,11,6.7,14.8,-1.2,10.0,3.4,168.3,-4.4,10.6,44.0,92.2,2275,Valentia Observatory
1985,12,8.3,14.9,-3.9,10.8,5.7,164.5,-6.4,13.6,57.0,39.4,2275,Valentia Observatory
1986,1,6.7,13.0,0.1,9.3,4.1,161.4,-2.3,14.2,56.0,35.5,2275,Valentia Observatory
1986,2,2.9,8.0,-4.0,5.0,0.9,20.1,-7.4,13.6,59.0,61.1,2275,Valentia Observatory
1986,3,6.9,12.8,-3.8,9.9,3.8,182.1,-6.2,14.6,62.0,83.7,2275,Valentia Observatory
1986,4,6.6,12.5,-1.0,9.9,3.3,77.3,-5.4,11.0,53.0,185.3,2275,Valentia Observatory
1986,5,10.1,15.8,2.7,12.7,7.4,182.4,0.5,13.9,59.0,147.9,2275,Valentia Observatory
1986,6,13.4,24.9,4.0,16.6,10.2,56.6,2.1,8.2,45.0,142.7,2275,Valentia Observatory
1986,7,14.5,19.9,8.4,16.6,12.3,98.5,5.4,8.2,37.0,63.3,2275,Valentia Observatory
1986,8,12.7,19.0,3.3,16.1,9.3,205.9,-0.2,10.0,60.0,144.3,2275,Valentia Observatory
1986,9,12.2,18.9,3.0,15.7,8.6,13.4,-1.0,6.8,33.0,142.7,2275,Valentia Observatory
1986,10,11.9,20.9,4.0,14.7,9.0,127.3,2.1,12.2,65.0,77.0,2275,Valentia Observatory
1986,11,9.2,13.8,1.2,12.0,6.4,196.7,-1.6,15.6,70.0,39.1,2275,Valentia Observatory
1986,12,7.9,13.7,-2.3,10.7,5.1,247.9,-4.2,14.8,67.0,33.9,2275,Valentia Observatory
1987,1,5.7,11.9,-5.9,8.1,3.3,78.3,-7.8,12.1,69.0,47.1,2275,Valentia Observatory
1987,2,6.7,14.1,-3.3,9.8,3.5,141.8,-6.0,10.8,53.0,63.8,2275,Valentia Observatory
1987,3,7.1,14.2,-2.7,10.3,3.9,127.5,-5.0,11.9,59.0,85.5,2275,Valentia Observatory
1987,4,10.3,22.5,0.8,13.5,7.2,49.5,-0.5,9.1,45.0,88.7,2275,Valentia Observatory
1987,5,10.8,17.6,2.7,14.1,7.4,10.3,0.0,10.0,43.0,195.6,2275,Valentia Observatory
1987,6,13.0,18.8,5.5,15.4,10.5,121.3,2.5,9.3,38.0,106.3,2275,Valentia Observatory
1987,7,15.4,22.2,7.0,18.3,12.5,58.5,4.2,9.0,36.0,146.6,2275,Valentia Observatory
1987,8,15.0,21.4,7.0,18.4,11.6,65.7,3.5,7.7,37.0,152.2,2275,Valentia Observatory
1987,9,13.3,20.8,3.6,16.8,9.9,199.7,-0.4,9.9,47.0,130.9,2275,Valentia Observatory
1987,10,9.7,19.4,-0.6,13.0,6.3,205.5,-2.9,10.4,55.0,92.3,2275,Valentia Observatory
1987,11,8.9,15.5,-0.6,11.6,6.2,94.2,-3.6,11.8,56.0,70.2,2275,Valentia Observatory
1987,12,8.8,13.6,2.8,10.6,6.9,191.4,-2.0,13.7,54.0,29.3,2275,Valentia Observatory
1988,1,6.9,12.8,0.4,9.7,4.1,269.9,-2.5,14.1,73.0,42.0,2275,Valentia Observatory
1988,2,6.6,12.5,0.2,9.4,3.7,96.9,-1.7,12.0,79.0,63.9,2275,Valentia Observatory
1988,3,8.5,12.9,-0.2,10.8,6.2,121.6,-2.5,12.1,55.0,69.8,2275,Valentia Observatory
1988,4,9.7,16.7,0.0,13.1,6.3,52.5,-1.5,8.9,46.0,138.0,2275,Valentia Observatory
1988,5,11.1,18.6,2.0,14.6,7.6,147.0,-0.5,9.9,50.0,203.4,2275,Valentia Observatory
1988,6,14.3,23.1,7.5,18.1,10.5,52.8,4.6,6.9,35.0,187.9,2275,Valentia Observatory
1988,7,13.6,18.6,7.2,16.1,11.0,142.5,4.3,10.6,53.0,95.5,2275,Valentia Observatory
1988,8,14.0,22.2,7.2,16.7,11.3,187.8,3.6,10.4,46.0,120.9,2275,Valentia Observatory
1988,9,12.9,19.4,3.1,15.2,10.7,58.1,0.0,10.0,49.0,64.5,2275,Valentia Observatory
1988,10,11.3,20.1,3.0,14.1,8.4,266.4,1.1,10.8,69.0,87.0,2275,Valentia Observatory
1988,11,9.1,14.4,-4.0,11.8,6.3,86.1,-7.5,9.1,43.0,56.9,2275,Valentia Observatory
1988,12,9.6,13.8,0.5,11.6,7.5,106.2,-1.3,10.9,55.0,24.3,2275,Valentia Observatory
1989,1,8.7,13.0,1.0,11.1,6.3,185.4,-1.6,13.4,57.0,31.8,2275,Valentia Observatory
1989,2,7.9,13.1,0.7,10.5,5.4,128.6,-0.3,15.0,55.0,52.8,2275,Valentia Observatory
1989,3,8.1,13.6,-1.1,11.2,5.0,195.2,-2.6,14.0,67.0,77.5,2275,Valentia Observatory
1989,4,7.1,15.6,0.0,10.9,3.3,95.0,-3.0,8.6,43.0,176.9,2275,Valentia Observatory
1989,5,12.8,26.9,4.3,17.0,8.7,20.7,-0.1,8.2,46.0,241.3,2275,Valentia Observatory
1989,6,13.5,24.9,5.0,17.1,9.9,83.2,-0.9,8.6,41.0,205.7,2275,Valentia Observatory
1989,7,16.9,27.5,8.0,20.6,13.1,24.9,6.0,7.7,39.0,187.8,2275,Valentia Observatory
1989,8,16.0,21.8,9.5,18.5,13.4,123.0,6.1,9.5,51.0,114.9,2275,Valentia Observatory
1989,9,13.5,19.0,5.2,16.9,10.2,91.2,2.2,8.1,53.0,127.4,2275,Valentia Observatory
1989,10,12.2,16.5,4.0,14.6,9.8,204.4,1.8,11.2,75.0,44.8,2275,Valentia Observatory
1989,11,9.2,19.8,-0.2,12.3,6.1,77.9,-3.7,11.1,56.0,63.4,2275,Valentia Observatory
1989,12,7.3,12.8,-2.0,10.2,4.4,144.2,-5.6,11.6,64.0,53.8,2275,Valentia Observatory
1990,1,8.0,13.2,2.0,10.6,5.4,197.2,-0.9,15.6,62.0,35.7,2275,Valentia Observatory
1990,2,8.0,12.8,2.5,10.7,5.4,200.9,0.5,18.7,79.0,38.1,2275,Valentia Observatory
1990,3,9.3,16.4,-0.5,11.6,6.9,50.8,-3.6,13.3,50.0,61.1,2275,Valentia Observatory
1990,4,8.6,22.7,-1.6,12.2,5.1,61.2,-4.9,10.2,54.0,156.5,2275,Valentia Observatory
1990,5,13.1,25.6,4.5,17.2,9.1,49.7,0.7,7.4,39.0,197.3,2275,Valentia Observatory
1990,6,12.9,18.1,6.7,15.6,10.1,128.7,2.8,9.4,44.0,139.2,2275,Valentia Observatory
1990,7,15.9,27.7,6.5,19.6,12.3,63.5,3.4,8.7,46.0,194.3,2275,Valentia Observatory
1990,8,16.0,22.8,8.2,18.7,13.3,80.2,5.4,8.2,39.0,61.9,2275,Valentia Observatory
1990,9,13.2,20.0,3.1,16.8,9.6,28.3,-1.3,7.9,44.0,138.0,2275,Valentia Observatory
1990,10,12.0,19.4,2.6,14.6,9.5,210.1,-0.9,12.4,71.0,53.7,2275,Valentia Observatory
1990,11,8.8,14.8,-1.2,11.4,6.2,122.6,-4.9,11.1,49.0,70.6,2275,Valentia Observatory
1990,12,6.8,13.1,0.0,9.4,4.3,141.6,-4.2,11.0,64.0,27.0,2275,Valentia Observatory
1991,1,6.2,13.0,-4.2,8.8,3.6,141.2,-9.0,12.7,72.0,49.9,2275,Valentia Observatory
1991,2,5.3,12.1,-5.2,8.3,2.2,160.9,-7.2,8.9,52.0,88.0,2275,Valentia Observatory
1991,3,8.7,15.8,-1.7,11.8,5.6,142.8,-4.9,8.6,52.0,109.0,2275,Valentia Observatory
1991,4,9.1,17.4,2.6,11.8,6.5,168.1,-1.0,12.8,56.0,137.7,2275,Valentia Observatory
1991,5,11.4,21.9,3.5,15.1,7.8,7.6,-0.7,7.4,36.0,233.4,2275,Valentia Observatory
1991,6,12.9,19.2,4.6,15.6,10.1,106.5,1.2,10.8,46.0,129.8,2275,Valentia Observatory
1991,7,15.7,26.1,11.1,18.1,13.3,103.2,7.1,9.6,40.0,84.6,2275,Valentia Observatory
1991,8,15.5,25.8,8.0,19.1,12.0,31.0,4.7,7.1,42.0,142.4,2275,Valentia Observatory
1991,9,15.7,28.4,6.5,19.3,12.1,139.7,4.0,9.4,54.0,129.1,2275,Valentia Observatory
1991,10,10.5,17.4,3.0,13.5,7.6,169.6,-0.2,9.9,59.0,78.2,2275,Valentia Observatory
1991,11,8.7,12.8,-0.3,11.0,6.3,191.3,-3.8,13.5,56.0,41.7,2275,Valentia Observatory
1991,12,8.6,13.6,3.0,10.5,6.6,20.9,-0.4,10.1,71.0,24.8,2275,Valentia Observatory
1992,1,7.4,12.7,-1.5,9.6,5.2,113.5,-4.7,9.0,54.0,26.1,2275,Valentia Observatory
1992,2,7.9,12.4,-2.8,10.4,5.5,109.8,-5.4,11.3,53.0,43.0,2275,Valentia Observatory
1992,3,8.8,14.0,-1.5,11.0,6.5,134.2,-3.7,13.0,49.0,56.2,2275,Valentia Observatory
1992,4,9.1,14.2,2.6,11.6,6.6,174.3,-1.3,11.5,53.0,100.5,2275,Valentia Observatory
1992,5,13.0,24.0,5.5,16.4,9.6,69.2,1.9,9.9,52.0,180.4,2275,Valentia Observatory
1992,6,14.1,22.2,8.1,17.4,10.8,41.9,5.0,6.9,34.0,168.4,2275,Valentia Observatory
1992,7,15.3,20.7,7.7,18.3,12.4,138.9,4.8,8.8,42.0,129.5,2275,Valentia Observatory
1992,8,14.1,19.2,8.1,17.0,11.2,185.4,4.8,10.0,47.0,148.9,2275,Valentia Observatory
1992,9,11.7,17.5,2.4,15.1,8.3,120.7,-0.3,9.6,67.0,109.6,2275,Valentia Observatory
1992,10,9.2,17.8,0.9,12.3,6.2,84.3,-2.4,9.3,62.0,86.1,2275,Valentia Observatory
1992,11,9.4,14.9,2.8,11.9,6.9,132.7,-1.2,12.3,60.0,39.4,2275,Valentia Observatory
1992,12,7.3,12.2,-2.6,9.5,5.1,116.2,-7.3,10.2,60.0,23.9,2275,Valentia Observatory
1993,1,8.0,13.0,0.1,10.6,5.4,171.9,-1.0,16.3,69.0,25.0,2275,Valentia Observatory
1993,2,8.4,13.4,0.1,10.3,6.4,51.1,-4.0,9.9,51.0,29.8,2275,Valentia Observatory
1993,3,8.0,14.0,-0.8,10.6,5.3,118.7,-4.5,11.3,66.0,92.7,2275,Valentia Observatory
1993,4,10.0,20.5,2.5,12.7,7.2,87.9,-0.8,10.9,54.0,112.7,2275,Valentia Observatory
1993,5,11.2,21.1,1.0,15.1,7.3,90.8,-2.9,8.2,50.0,205.0,2275,Valentia Observatory
1993,6,13.3,20.3,5.2,16.1,10.6,82.6,2.8,7.8,33.0,120.4,2275,Valentia Observatory
1993,7,14.6,19.3,8.0,16.9,12.2,134.5,5.1,7.6,32.0,90.6,2275,Valentia Observatory
1993,8,14.4,21.7,5.5,17.4,11.3,43.6,2.2,5.2,37.0,132.4,2275,Valentia Observatory
1993,9,13.2,20.5,3.8,16.2,10.1,182.7,1.5,7.9,62.0,116.1,2275,Valentia Observatory
1993,10,9.1,16.1,0.2,12.5,5.7,95.5,-4.1,5.5,40.0,126.0,2275,Valentia Observatory
1993,11,9.2,15.6,0.4,11.4,6.9,181.8,-4.0,10.1,62.0,46.4,2275,Valentia Observatory
1993,12,8.4,13.5,1.5,10.7,6.2,226.0,-1.5,14.5,73.0,16.1,2275,Valentia Observatory
1994,1,7.8,11.9,-0.8,10.1,5.5,198.8,-3.8,11.9,62.0,40.2,2275,Valentia Observatory
1994,2,7.3,12.7,-3.0,10.0,4.6,191.8,-6.8,9.4,74.0,68.0,2275,Valentia Observatory
1994,3,8.9,13.6,0.6,11.2,6.6,144.5,-2.1,13.2,60.0,64.0,2275,Valentia Observatory
1994,4,8.4,14.8,1.5,11.4,5.5,144.9,-1.0,12.3,65.0,150.3,2275,Valentia Observatory
1994,5,11.6,20.7,2.5,14.8,8.4,93.2,1.0,8.1,43.0,176.4,2275,Valentia Observatory
1994,6,12.8,18.5,5.7,15.2,10.4,104.5,1.5,9.0,50.0,131.8,2275,Valentia Observatory
1994,7,14.5,19.5,7.4,17.1,11.9,212.8,5.5,7.3,39.0,119.7,2275,Valentia Observatory
1994,8,14.6,23.4,6.2,17.5,11.6,82.0,3.8,7.6,37.0,100.2,2275,Valentia Observatory
1994,9,13.0,20.0,6.5,15.7,10.3,94.0,4.4,7.7,37.0,117.8,2275,Valentia Observatory
1994,10,11.9,19.9,1.9,15.0,8.9,119.7,-1.1,8.1,54.0,112.2,2275,Valentia Observatory
1994,11,11.3,15.0,2.5,13.2,9.4,170.3,0.1,9.0,51.0,31.0,2275,Valentia Observatory
1994,12,9.1,15.5,0.2,11.4,6.8,249.8,-2.4,14.2,61.0,30.9,2275,Valentia Observatory
1995,1,7.4,12.6,-1.1,9.9,4.9,225.4,-4.4,12.1,82.0,28.3,2275,Valentia Observatory
1995,2,8.2,13.1,2.0,10.6,5.8,210.2,-0.4,12.1,65.0,41.4,2275,Valentia Observatory
1995,3,7.4,13.0,0.2,9.8,4.9,115.9,-1.3,10.9,59.0,78.0,2275,Valentia Observatory
1995,4,9.4,17.7,1.2,12.4,6.5,51.1,-1.5,5.9,34.0,154.3,2275,Valentia Observatory
1995,5,11.2,20.9,1.1,14.0,8.4,112.4,-1.6,7.4,38.0,139.4,2275,Valentia Observatory
1995,6,14.3,28.1,6.1,18.2,10.4,58.3,2.4,6.5,40.0,229.5,2275,Valentia Observatory
1995,7,17.0,26.4,11.8,19.6,14.3,149.3,9.5,8.8,38.0,105.3,2275,Valentia Observatory
1995,8,18.0,28.3,9.6,22.0,14.0,24.7,8.3,6.1,35.0,198.0,2275,Valentia Observatory
1995,9,13.4,19.9,5.5,17.3,9.4,57.2,3.8,7.3,44.0,163.9,2275,Valentia Observatory
1995,10,13.1,17.7,3.1,15.9,10.3,229.8,1.0,12.1,68.0,69.7,2275,Valentia Observatory
1995,11,9.8,17.1,0.7,12.6,7.0,220.0,-3.5,10.1,54.0,70.1,2275,Valentia Observatory
1995,12,6.9,14.4,-3.5,9.6,4.3,86.4,-9.0,9.4,61.0,58.7,2275,Valentia Observatory
1996,1,7.4,13.1,-1.7,9.5,5.3,214.2,-5.9,11.1,69.0,31.2,2275,Valentia Observatory
1996,2,5.8,12.5,-3.8,8.7,3.0,135.8,-8.0,11.1,66.0,95.6,2275,Valentia Observatory
1996,3,7.3,14.5,0.0,10.0,4.6,126.8,-3.0,8.6,61.0,64.1,2275,Valentia Observatory
1996,4,9.2,14.7,-2.3,12.2,6.2,117.7,-4.2,8.7,50.0,115.1,2275,Valentia Observatory
1996,5,9.6,18.2,0.6,13.3,5.8,81.1,-2.7,8.5,54.0,208.4,2275,Valentia Observatory
1996,6,13.6,25.4,5.2,17.0,10.2,91.8,2.7,8.0,37.0,211.2,2275,Valentia Observatory
1996,7,15.0,24.2,8.6,17.9,12.2,90.7,4.2,6.1,36.0,129.8,2275,Valentia Observatory
1996,8,14.8,20.0,6.6,17.6,12.0,133.3,3.4,7.4,40.0,137.4,2275,Valentia Observatory
1996,9,14.7,22.6,5.4,18.3,11.1,62.1,1.7,7.3,52.0,151.9,2275,Valentia Observatory
1996,10,12.1,17.3,4.5,14.4,9.9,279.6,0.5,11.5,66.0,49.5,2275,Valentia Observatory
1996,11,8.4,15.6,-0.3,11.1,5.7,154.4,-3.7,9.7,52.0,57.9,2275,Valentia Observatory
1996,12,6.4,14.0,-2.8,9.0,3.8,80.2,-5.8,7.9,50.0,59.2,2275,Valentia Observatory
1997,1,6.0,12.1,-6.8,8.0,3.9,68.8,-10.2,8.4,48.0,45.5,2275,Valentia Observatory
1997,2,8.0,12.6,1.2,10.7,5.3,170.8,-1.0,17.7,70.0,62.8,2275,Valentia Observatory
1997,3,9.1,19.1,-1.6,12.3,6.0,37.6,-4.5,8.5,54.0,95.3,2275,Valentia Observatory
1997,4,10.8,18.6,2.5,14.6,7.1,37.6,-1.3,4.8,39.0,146.0,2275,Valentia Observatory
1997,5,12.6,27.2,2.6,16.7,8.5,80.1,0.5,7.4,46.0,246.3,2275,Valentia Observatory
1997,6,13.7,22.7,6.1,16.8,10.7,103.4,3.1,7.7,44.0,137.6,2275,Valentia Observatory
1997,7,15.6,22.5,9.0,18.7,12.5,80.8,6.0,5.9,37.0,157.9,2275,Valentia Observatory
1997,8,16.4,25.5,8.8,19.2,13.6,195.4,4.6,7.2,50.0,113.5,2275,Valentia Observatory
1997,9,15.0,20.6,7.3,17.7,12.4,78.6,4.1,7.5,39.0,83.9,2275,Valentia Observatory
1997,10,13.0,22.0,5.0,15.7,10.2,111.9,2.7,7.4,43.0,58.4,2275,Valentia Observatory
1997,11,9.8,15.6,2.3,12.5,7.1,265.2,0.0,7.7,54.0,47.3,2275,Valentia Observatory
1997,12,8.3,13.5,-2.5,10.9,5.7,163.5,-6.3,11.4,88.0,55.0,2275,Valentia Observatory
1998,1,7.4,14.8,-2.6,10.1,4.6,212.4,-3.6,12.0,65.0,40.3,2275,Valentia Observatory
1998,2,9.1,14.4,-1.1,11.3,7.0,49.6,-4.3,11.1,48.0,38.9,2275,Valentia Observatory
1998,3,9.4,14.7,1.7,11.8,7.0,133.0,-1.6,8.9,49.0,63.4,2275,Valentia Observatory
1998,4,8.2,14.1,-0.4,11.4,5.1,175.7,-3.5,9.9,53.0,172.3,2275,Valentia Observatory
1998,5,12.4,22.3,4.8,15.9,9.0,30.6,1.7,6.2,39.0,172.2,2275,Valentia Observatory
1998,6,13.2,19.0,5.5,15.9,10.5,184.4,2.9,8.0,39.0,123.8,2275,Valentia Observatory
1998,7,14.6,19.6,8.1,17.0,12.2,113.8,6.0,8.1,36.0,112.8,2275,Valentia Observatory
1998,8,15.4,21.8,7.9,18.2,12.6,120.2,3.7,7.2,42.0,138.7,2275,Valentia Observatory
1998,9,14.8,23.8,6.5,17.8,11.8,139.8,3.8,8.4,56.0,103.1,2275,Valentia Observatory
1998,10,12.5,17.6,5.0,15.1,9.8,208.6,1.0,8.9,59.0,87.7,2275,Valentia Observatory
1998,11,9.6,16.1,2.8,11.9,7.3,193.3,-0.5,8.6,62.0,60.6,2275,Valentia Observatory
1998,12,8.8,15.2,1.9,11.3,6.2,220.9,-1.5,9.3,70.0,37.5,2275,Valentia Observatory
1999,1,7.7,12.7,-3.4,10.2,5.1,200.4,-7.1,10.1,52.0,51.5,2275,Valentia Observatory
1999,2,8.4,12.3,-0.9,10.6,6.3,82.7,-5.5,10.0,51.0,48.1,2275,Valentia Observatory
1999,3,7.9,12.9,-1.1,10.4,5.4,143.9,-3.8,10.3,51.0,110.6,2275,Valentia Observatory
1999,4,10.0,19.0,0.0,12.7,7.3,157.1,-1.8,11.7,50.0,140.0,2275,Valentia Observatory
1999,5,12.6,20.5,6.0,15.0,10.2,53.0,2.1,9.5,56.0,131.2,2275,Valentia Observatory
1999,6,12.8,20.6,6.3,15.5,10.1,52.2,2.4,7.8,38.0,128.3,2275,Valentia Observatory
1999,7,15.9,23.6,10.2,18.7,13.1,84.4,5.9,8.0,35.0,158.2,2275,Valentia Observatory
1999,8,15.8,21.3,10.3,18.7,12.9,166.7,6.5,7.4,42.0,132.8,2275,Valentia Observatory
1999,9,14.2,20.5,6.0,17.1,11.4,290.4,2.7,9.2,55.0,115.0,2275,Valentia Observatory
1999,10,11.8,17.7,3.1,14.4,9.2,101.4,-1.4,9.9,49.0,71.9,2275,Valentia Observatory
1999,11,9.3,15.4,0.2,12.0,6.5,137.6,-3.9,9.5,53.0,61.7,2275,Valentia Observatory
1999,12,7.5,12.5,1.1,10.1,4.8,304.2,-3.6,13.8,61.0,36.7,2275,Valentia Observatory
2000,1,6.6,12.0,-1.4,9.3,3.9,104.1,-6.9,10.1,51.0,58.8,2275,Valentia Observatory
2000,2,8.3,13.0,1.4,10.8,5.9,197.2,-1.5,13.7,54.0,47.5,2275,Valentia Observatory
2000,3,8.3,14.7,-0.8,11.4,5.2,42.3,-6.4,6.8,39.0,106.1,2275,Valentia Observatory
2000,4,8.0,17.1,-1.5,11.2,4.8,76.5,-5.9,9.3,45.0,181.4,2275,Valentia Observatory
2000,5,12.0,22.9,5.0,15.3,8.7,121.5,0.3,8.2,42.0,185.6,2275,Valentia Observatory
2000,6,13.8,25.5,7.4,16.7,10.8,108.1,3.7,8.2,35.0,153.6,2275,Valentia Observatory
2000,7,15.5,26.1,9.7,18.3,12.6,81.9,6.3,6.9,38.0,168.6,2275,Valentia Observatory
2000,8,15.5,23.7,7.3,18.4,12.5,90.7,5.0,7.4,32.0,151.5,2275,Valentia Observatory
2000,9,14.0,20.3,6.5,16.7,11.3,152.2,3.8,8.4,42.0,111.5,2275,Valentia Observatory
2000,10,10.7,16.2,1.8,13.3,8.1,308.9,-2.2,12.8,59.0,82.0,2275,Valentia Observatory
2000,11,8.3,14.3,2.9,10.7,5.8,270.0,-2.0,12.5,69.0,61.4,2275,Valentia Observatory
2000,12,7.5,13.1,-2.9,10.0,5.0,214.7,-7.7,11.5,54.0,39.5,2275,Valentia Observatory
2001,1,6.0,11.6,-0.5,8.7,3.2,144.3,-5.2,8.4,43.0,63.9,2275,Valentia Observatory
2001,2,6.6,12.7,-1.6,9.7,3.6,122.8,-7.2,8.5,59.0,82.8,2275,Valentia Observatory
2001,3,7.6,14.5,-4.0,10.4,4.7,130.1,-10.9,9.8,59.0,113.7,2275,Valentia Observatory
2001,4,8.2,13.4,0.6,11.4,5.0,119.0,-2.4,8.7,43.0,136.3,2275,Valentia Observatory
2001,5,11.9,23.2,3.3,15.8,8.0,33.9,0.9,6.8,37.0,223.9,2275,Valentia Observatory
2001,6,13.4,20.6,5.4,16.4,10.5,71.9,1.2,7.6,42.0,169.3,2275,Valentia Observatory
2001,7,15.0,21.2,7.5,17.8,12.3,72.1,2.5,8.3,48.0,176.8,2275,Valentia Observatory
2001,8,14.9,20.4,7.8,17.9,11.8,120.6,2.8,6.6,41.0,177.3,2275,Valentia Observatory
2001,9,14.0,18.4,4.8,16.9,11.0,62.4,0.3,6.9,45.0,106.9,2275,Valentia Observatory
2001,10,13.0,19.4,4.8,15.8,10.2,196.7,0.6,10.4,56.0,113.0,2275,Valentia Observatory
2001,11,10.2,14.8,0.4,12.7,7.7,93.4,-3.6,8.0,52.0,40.7,2275,Valentia Observatory
2001,12,7.5,15.5,-3.6,10.2,4.7,86.2,-8.2,8.8,51.0,80.8,2275,Valentia Observatory
2002,1,9.2,13.9,3.4,11.5,6.9,237.1,-0.6,13.1,60.0,39.0,2275,Valentia Observatory
2002,2,8.1,13.0,-1.4,10.8,5.3,211.6,-7.0,14.9,53.0,56.5,2275,Valentia Observatory
2002,3,8.5,17.6,0.0,11.5,5.4,67.3,-5.7,9.8,56.0,102.8,2275,Valentia Observatory
2002,4,9.4,17.3,1.0,12.7,6.2,110.2,-4.0,10.2,50.0,152.0,2275,Valentia Observatory
2002,5,11.2,17.0,5.0,13.9,8.5,187.0,0.6,10.7,50.0,139.3,2275,Valentia Observatory
2002,6,12.5,17.0,6.9,14.7,10.3,133.0,3.0,10.7,45.0,124.4,2275,Valentia Observatory
2002,7,13.9,19.2,8.4,16.3,11.6,100.1,5.2,7.4,39.0,120.6,2275,Valentia Observatory
2002,8,14.6,20.3,7.0,17.6,11.6,81.7,2.0,6.7,45.0,143.3,2275,Valentia Observatory
2002,9,14.3,22.4,5.6,17.9,10.6,118.8,-1.5,6.7,35.0,164.2,2275,Valentia Observatory
2002,10,11.3,19.0,1.5,14.5,8.1,239.4,-3.2,8.3,65.0,108.1,2275,Valentia Observatory
2002,11,10.1,16.0,2.1,12.4,7.9,290.3,-2.2,11.2,47.0,48.6,2275,Valentia Observatory
2002,12,8.2,13.2,-0.4,10.3,6.2,146.2,-2.7,9.3,63.0,39.3,2275,Valentia Observatory
2003,1,6.9,12.2,-3.5,9.6,4.3,131.7,-7.5,11.5,61.0,63.8,2275,Valentia Observatory
2003,2,7.7,12.4,-0.3,10.1,5.4,161.4,-4.0,11.4,61.0,69.5,2275,Valentia Observatory
2003,3,9.2,18.3,0.0,12.6,5.9,79.5,-3.5,9.5,54.0,137.5,2275,Valentia Observatory
2003,4,10.8,23.1,2.6,14.3,7.4,143.6,-0.6,9.0,54.0,195.4,2275,Valentia Observatory
2003,5,11.3,22.6,4.1,14.0,8.5,134.4,0.9,10.2,38.0,166.9,2275,Valentia Observatory
2003,6,13.8,21.7,7.4,16.7,10.9,154.6,5.0,8.8,38.0,180.2,2275,Valentia Observatory
2003,7,15.1,20.5,8.7,17.3,12.9,126.2,5.2,8.3,33.0,75.3,2275,Valentia Observatory
2003,8,16.5,26.0,8.0,19.9,13.1,25.3,6.3,6.2,29.0,202.8,2275,Valentia Observatory
2003,9,14.3,21.6,6.1,17.4,11.2,64.4,2.2,6.8,33.0,113.0,2275,Valentia Observatory
2003,10,11.1,18.4,-1.0,14.2,8.1,58.3,-5.1,8.4,39.0,136.7,2275,Valentia Observatory
2003,11,9.9,16.3,1.0,12.5,7.2,291.4,-2.3,10.8,61.0,53.8,2275,Valentia Observatory
2003,12,8.2,14.0,-0.1,11.1,5.4,137.2,-4.5,9.2,45.0,43.0,2275,Valentia Observatory
2004,1,7.7,13.2,-1.2,10.5,4.9,173.6,-6.9,10.8,57.0,52.6,2275,Valentia Observatory
2004,2,7.1,14.1,-2.1,10.0,4.3,79.9,-7.3,9.2,51.0,100.0,2275,Valentia Observatory
2004,3,8.5,14.1,0.7,11.4,5.6,161.2,-3.5,11.4,56.0,145.4,2275,Valentia Observatory
2004,4,9.6,14.6,2.2,12.2,6.9,88.8,-1.3,10.2,52.0,147.8,2275,Valentia Observatory
2004,5,11.4,18.9,4.0,14.7,8.2,40.9,-1.0,8.1,63.0,196.7,2275,Valentia Observatory
2004,6,14.0,21.1,6.4,16.9,11.2,101.4,2.4,8.4,41.0,173.0,2275,Valentia Observatory
2004,7,14.6,21.2,7.2,17.4,11.7,84.8,3.2,7.5,32.0,178.5,2275,Valentia Observatory
2004,8,15.6,21.6,7.2,18.4,12.7,111.8,3.9,8.3,52.0,154.8,2275,Valentia Observatory
2004,9,14.9,24.9,7.4,17.1,12.7,152.6,4.1,9.9,47.0,106.0,2275,Valentia Observatory
2004,10,10.1,15.0,0.5,12.9,7.3,221.8,-4.8,9.2,49.0,111.2,2275,Valentia Observatory
2004,11,10.3,13.7,3.7,12.1,8.6,67.8,0.1,7.6,35.0,27.3,2275,Valentia Observatory
2004,12,9.3,12.9,1.0,11.4,7.3,114.3,-4.7,10.9,50.0,28.3,2275,Valentia Observatory
2005,1,8.4,13.4,-0.1,10.6,6.2,185.6,-5.0,14.5,62.0,43.8,2275,Valentia Observatory
2005,2,6.8,12.4,-0.4,9.2,4.4,88.0,-5.9,8.5,45.0,61.9,2275,Valentia Observatory
2005,3,9.0,20.7,-1.2,11.8,6.3,80.4,-6.8,8.7,47.0,98.4,2275,Valentia Observatory
2005,4,9.6,17.9,2.1,12.6,6.7,152.8,-2.1,9.5,52.0,155.9,2275,Valentia Observatory
2005,5,11.2,16.8,4.7,13.9,8.6,145.5,-0.5,9.2,38.0,163.1,2275,Valentia Observatory
2005,6,14.5,21.2,7.0,17.2,11.7,93.7,3.0,7.9,31.0,172.6,2275,Valentia Observatory
2005,7,15.6,26.2,9.5,18.3,13.0,78.3,6.0,6.8,35.0,165.9,2275,Valentia Observatory
2005,8,15.6,20.5,6.9,18.4,12.9,83.7,3.2,7.1,45.0,149.2,2275,Valentia Observatory
2005,9,14.8,21.3,6.5,17.4,12.1,145.9,2.2,9.1,39.0,97.5,2275,Valentia Observatory
2005,10,12.7,18.5,2.6,15.1,10.2,154.5,-1.1,10.3,52.0,69.2,2275,Valentia Observatory
2005,11,9.4,15.7,0.8,12.1,6.8,135.5,-3.5,10.4,56.0,74.5,2275,Valentia Observatory
2005,12,8.4,12.9,0.0,10.6,6.3,156.2,-4.6,9.6,52.0,35.2,2275,Valentia Observatory
2006,1,7.9,13.0,-1.0,10.3,5.6,145.0,-8.8,9.6,43.0,56.2,2275,Valentia Observatory
2006,2,7.2,12.2,0.5,9.5,4.9,83.0,-5.1,9.0,56.0,73.8,2275,Valentia Observatory
2006,3,7.4,13.5,-2.8,10.2,4.6,150.7,-7.8,9.8,50.0,84.2,2275,Valentia Observatory
2006,4,9.2,14.9,0.2,12.1,6.2,81.3,-6.6,8.5,36.0,180.3,2275,Valentia Observatory
2006,5,11.0,16.0,4.6,13.7,8.3,208.2,0.0,9.7,44.0,153.7,2275,Valentia Observatory
2006,6,14.2,24.1,5.4,17.9,10.5,46.8,1.6,7.5,41.0,239.1,2275,Valentia Observatory
2006,7,16.6,26.8,8.7,19.6,13.5,102.6,4.1,7.4,38.0,180.6,2275,Valentia Observatory
2006,8,15.4,21.0,8.4,17.9,12.8,52.1,3.2,7.4,27.0,127.6,2275,Valentia Observatory
2006,9,15.4,21.3,6.9,18.0,12.8,263.9,2.9,8.8,49.0,123.4,2275,Valentia Observatory
2006,10,13.5,17.7,5.2,15.7,11.3,171.8,0.0,9.5,48.0,94.5,2275,Valentia Observatory
2006,11,9.6,14.6,2.1,12.3,6.9,228.2,-2.7,10.2,,70.5,2275,Valentia Observatory
2006,12,9.1,14.1,-0.3,11.1,7.2,227.1,-6.6,12.6,58.0,35.8,2275,Valentia Observatory
2007,1,8.6,13.4,-0.5,10.9,6.2,108.1,-6.7,12.6,57.0,45.9,2275,Valentia Observatory
2007,2,7.9,12.9,0.8,10.6,5.2,201.4,-5.0,9.8,58.0,54.1,2275,Valentia Observatory
2007,3,8.3,14.0,2.5,11.3,5.3,111.0,-2.4,9.5,57.0,134.0,2275,Valentia Observatory
2007,4,10.9,20.2,1.5,15.0,6.7,50.9,-4.6,5.3,44.0,217.2,2275,Valentia Observatory
2007,5,11.8,22.5,2.9,14.7,8.9,76.6,-1.7,8.1,42.0,179.4,2275,Valentia Observatory
2007,6,14.3,23.3,8.4,17.3,11.3,148.9,2.4,6.3,33.0,158.6,2275,Valentia Observatory
2007,7,15.1,20.3,9.1,17.5,12.6,81.1,4.2,7.9,45.0,204.6,2275,Valentia Observatory
2007,8,15.2,19.9,9.2,17.6,12.8,103.9,5.2,7.1,38.0,145.8,2275,Valentia Observatory
2007,9,13.9,21.9,3.1,17.5,10.4,76.5,-1.6,6.2,41.0,154.3,2275,Valentia Observatory
2007,10,13.4,18.5,5.0,16.0,10.8,105.7,0.2,6.4,40.0,77.0,2275,Valentia Observatory
2007,11,10.8,16.6,0.2,13.0,8.6,95.2,-5.6,7.3,42.0,45.0,2275,Valentia Observatory
2007,12,9.5,14.6,1.9,11.9,7.2,192.4,-3.5,14.4,64.0,36.4,2275,Valentia Observatory
2008,1,8.7,13.7,-2.9,11.3,6.1,274.1,-8.4,14.0,53.0,43.5,2275,Valentia Observatory
2008,2,8.3,15.6,-2.4,11.5,5.1,110.4,-8.3,9.7,47.0,84.5,2275,Valentia Observatory
2008,3,7.9,12.7,-0.4,10.8,5.0,164.0,-6.1,13.6,73.0,97.9,2275,Valentia Observatory
2008,4,9.1,14.2,0.6,11.9,6.3,51.0,-6.0,9.0,43.0,187.2,2275,Valentia Observatory
2008,5,13.5,23.8,6.2,16.9,10.1,103.3,1.1,7.2,38.0,197.6,2275,Valentia Observatory
2008,6,13.6,18.9,6.0,16.4,10.8,134.3,1.6,8.8,45.0,168.1,2275,Valentia Observatory
2008,7,15.3,24.6,9.2,17.6,12.9,106.3,4.9,7.7,37.0,107.2,2275,Valentia Observatory
2008,8,15.4,19.6,9.1,17.6,13.1,181.7,4.7,8.8,45.0,84.5,2275,Valentia Observatory
2008,9,13.4,19.1,5.7,16.3,10.4,87.5,1.4,8.2,40.0,139.9,2275,Valentia Observatory
2008,10,10.9,15.9,3.8,13.7,8.1,245.0,-1.8,10.6,48.0,105.5,2275,Valentia Observatory
2008,11,9.3,13.8,1.5,11.4,7.2,110.7,-4.7,10.4,55.0,45.6,2275,Valentia Observatory
2008,12,8.0,13.3,0.9,10.3,5.6,104.8,-7.0,9.9,60.0,38.4,2275,Valentia Observatory
2009,1,7.3,12.5,0.2,9.7,4.8,290.6,-6.4,11.2,61.0,39.8,2275,Valentia Observatory
2009,2,7.1,12.0,-1.0,9.4,4.8,54.6,-8.8,6.3,37.0,66.8,2275,Valentia Observatory
2009,3,8.8,18.9,1.6,11.7,5.9,82.8,-1.9,10.2,50.0,111.2,2275,Valentia Observatory
2009,4,10.0,16.7,1.7,12.7,7.3,162.5,-3.4,8.8,44.0,138.3,2275,Valentia Observatory
2009,5,11.6,23.8,5.2,14.5,8.7,107.7,-0.4,10.0,40.0,163.1,2275,Valentia Observatory
2009,6,15.0,26.1,6.9,18.4,11.6,94.2,0.9,7.2,34.0,227.5,2275,Valentia Observatory
2009,7,15.2,19.1,10.1,17.6,12.8,255.5,5.2,8.9,37.0,154.9,2275,Valentia Observatory
2009,8,14.9,18.7,7.7,17.1,12.6,270.0,1.6,9.3,41.0,100.2,2275,Valentia Observatory
2009,9,13.6,21.4,6.1,16.6,10.6,92.9,0.7,6.5,38.0,138.7,2275,Valentia Observatory
2009,10,13.1,17.6,5.9,15.5,10.6,205.1,-0.9,7.7,47.0,68.6,2275,Valentia Observatory
2009,11,9.5,14.9,1.4,11.8,7.3,360.3,-4.6,13.8,55.0,47.8,2275,Valentia Observatory
2009,12,5.9,12.6,-3.6,8.5,3.2,198.7,-10.0,9.6,52.0,65.6,2275,Valentia Observatory
2010,1,4.9,12.1,-4.7,8.2,1.7,161.5,-12.5,7.2,62.0,103.5,2275,Valentia Observatory
2010,2,4.8,11.3,-2.4,8.1,1.5,65.5,-10.3,6.0,38.0,117.5,2275,Valentia Observatory
2010,3,7.2,14.5,-3.6,10.7,3.8,125.9,-11.3,7.8,45.0,158.0,2275,Valentia Observatory
2010,4,9.9,18.4,1.8,13.5,6.3,101.7,-4.3,7.2,41.0,217.6,2275,Valentia Observatory
2010,5,11.7,23.6,3.8,15.2,8.3,54.2,-4.1,7.1,31.0,230.0,2275,Valentia Observatory
2010,6,14.9,20.7,7.8,18.0,11.7,83.9,3.3,7.2,35.0,204.5,2275,Valentia Observatory
2010,7,15.2,20.1,9.7,17.5,12.9,161.2,5.1,8.1,35.0,84.6,2275,Valentia Observatory
2010,8,15.0,20.3,6.3,17.8,12.1,37.7,2.1,7.4,36.0,185.1,2275,Valentia Observatory
2010,9,14.9,21.1,6.1,17.3,12.4,123.4,0.6,8.8,41.0,106.6,2275,Valentia Observatory
2010,10,11.7,20.5,2.2,15.1,8.3,133.7,-3.1,8.4,46.0,117.6,2275,Valentia Observatory
2010,11,7.4,15.6,-3.1,10.2,4.6,175.4,-9.4,10.1,59.0,79.4,2275,Valentia Observatory
2010,12,3.6,12.1,-7.7,6.8,0.5,107.6,-14.0,6.3,38.0,90.0,2275,Valentia Observatory
2011,1,5.5,12.4,-4.7,8.5,2.5,107.8,-9.3,6.8,46.0,81.2,2275,Valentia Observatory
2011,2,8.3,13.7,0.1,11.0,5.5,188.9,-5.4,10.1,50.0,51.7,2275,Valentia Observatory
2011,3,7.9,18.6,-1.9,12.1,3.7,59.6,-8.0,6.2,45.0,158.7,2275,Valentia Observatory
2011,4,11.6,22.5,4.5,15.2,8.1,68.1,-2.1,7.0,38.0,164.2,2275,Valentia Observatory
2011,5,11.9,18.4,7.9,14.0,9.9,164.6,3.1,13.0,55.0,129.9,2275,Valentia Observatory
2011,6,12.3,20.7,4.6,15.2,9.4,118.5,0.5,9.3,38.0,194.1,2275,Valentia Observatory
2011,7,13.9,18.6,7.9,16.5,11.2,80.0,1.6,7.6,42.0,108.7,2275,Valentia Observatory
2011,8,14.0,18.3,6.4,16.8,11.1,91.7,3.0,7.2,34.0,135.8,2275,Valentia Observatory
2011,9,14.1,19.0,8.3,16.4,11.9,160.2,1.7,12.5,46.0,56.8,2275,Valentia Observatory
2011,10,12.5,16.9,6.6,14.7,10.3,192.8,2.2,10.0,44.0,58.6,2275,Valentia Observatory
2011,11,11.2,17.3,2.9,13.7,8.6,298.9,-2.2,11.9,51.0,57.9,2275,Valentia Observatory
2011,12,8.4,13.4,2.4,10.5,6.3,188.6,-2.3,14.6,59.0,16.8,2275,Valentia Observatory
2012,1,9.0,12.8,2.1,10.8,7.1,155.3,-2.0,,55.0,,2275,Valentia Observatory
2012,2,8.9,13.4,1.7,10.6,7.1,68.2,-2.0,8.6,37.0,,2275,Valentia Observatory
2012,3,10.1,19.8,2.6,13.0,7.2,44.2,-1.7,8.4,40.0,,2275,Valentia Observatory
2012,4,8.3,13.8,0.9,11.0,5.7,119.1,-3.6,11.2,49.0,,2275,Valentia Observatory
2012,5,11.5,25.9,1.9,14.5,8.4,53.5,-2.9,8.0,42.0,,2275,Valentia Observatory
2012,6,13.3,19.8,6.7,15.6,10.9,128.3,2.7,8.2,48.0,,2275,Valentia Observatory
2012,7,14.4,18.7,7.7,16.7,12.2,174.5,,8.0,36.0,,2275,Valentia Observatory
2012,8,15.7,25.5,9.8,18.0,13.5,163.9,5.5,9.0,35.0,,2275,Valentia Observatory
2012,9,13.5,18.2,7.1,16.0,11.0,74.6,4.2,8.3,34.0,,2275,Valentia Observatory
2012,10,10.8,17.7,2.8,13.3,8.3,136.2,-1.3,8.1,39.0,,2275,Valentia Observatory
2012,11,8.0,13.2,0.1,10.4,5.5,212.9,,9.9,48.0,,2275,Valentia Observatory
2012,12,8.3,13.6,0.6,10.6,6.1,173.5,-2.4,11.8,46.0,,2275,Valentia Observatory
2013,1,7.6,13.0,-1.8,9.9,5.3,276.3,-5.6,10.2,61.0,38.6,2275,Valentia Observatory
2013,2,7.0,12.0,-1.2,9.4,4.6,77.7,-5.4,10.7,55.0,72.5,2275,Valentia Observatory
2013,3,6.1,13.7,-2.0,8.6,3.5,82.4,-3.2,10.1,45.0,91.1,2275,Valentia Observatory
2013,4,8.3,14.1,-1.0,11.0,5.5,128.1,-4.7,10.4,55.0,,2275,Valentia Observatory
2013,5,10.3,15.0,4.9,12.5,8.1,109.3,2.5,10.9,43.0,,2275,Valentia Observatory
2013,6,13.2,22.9,6.0,16.3,10.1,138.0,3.8,7.8,36.0,,2275,Valentia Observatory
2013,7,17.2,27.6,10.4,20.6,13.9,105.2,8.5,5.9,31.0,,2275,Valentia Observatory
2013,8,15.9,20.2,10.8,18.1,13.7,73.9,8.6,8.1,33.0,,2275,Valentia Observatory
2013,9,14.8,23.0,8.0,17.2,12.4,70.7,5.1,7.8,38.0,105.3,2275,Valentia Observatory
2013,10,13.3,19.0,3.6,15.8,10.9,184.8,0.4,8.8,48.0,79.3,2275,Valentia Observatory
2013,11,8.2,13.9,-1.5,10.8,5.7,125.1,-6.8,8.3,55.0,46.1,2275,Valentia Observatory
2013,12,8.4,13.6,1.8,10.8,6.1,266.6,-2.9,13.4,69.0,25.7,2275,Valentia Observatory
2014,1,7.4,12.8,0.6,9.8,5.0,288.1,-4.0,13.0,59.0,56.7,2275,Valentia Observatory
2014,2,6.7,11.1,1.0,9.3,4.2,292.4,-2.3,15.4,74.0,59.4,2275,Valentia Observatory
2014,3,7.9,13.5,-0.6,10.5,5.3,135.2,-5.2,9.3,48.0,129.1,2275,Valentia Observatory
2014,4,10.4,16.3,4.2,13.0,7.8,85.5,0.9,8.9,56.0,142.8,2275,Valentia Observatory
2014,5,11.4,17.6,3.3,13.9,8.8,115.5,0.2,9.1,44.0,163.8,2275,Valentia Observatory
2014,6,14.7,23.2,4.2,18.0,11.4,56.0,0.2,7.0,45.0,262.9,2275,Valentia Observatory
2014,7,16.3,22.4,10.5,18.8,13.9,81.4,5.7,7.0,29.0,136.2,2275,Valentia Observatory
2014,8,14.7,20.5,6.3,17.6,11.9,73.7,2.1,8.5,40.0,187.1,2275,Valentia Observatory
2014,9,15.6,22.4,6.1,19.1,12.2,26.5,1.9,5.7,25.0,,2275,Valentia Observatory
2014,10,12.3,17.4,4.1,15.1,9.5,192.4,0.5,10.2,47.0,81.4,2275,Valentia Observatory
2014,11,9.7,14.8,2.1,12.3,7.1,202.3,-1.4,8.4,44.0,77.1,2275,Valentia Observatory
2014,12,8.3,12.5,0.5,10.2,6.3,135.4,-3.8,12.3,52.0,33.2,2275,Valentia Observatory
2015,1,7.3,14.0,-0.5,9.9,4.7,199.4,-5.5,14.0,53.0,,2275,Valentia Observatory
2015,2,6.3,12.3,-2.2,9.0,3.6,108.1,-7.8,10.1,52.0,,2275,Valentia Observatory
2015,3,7.5,12.8,-0.0,10.5,4.4,135.2,-4.3,11.4,49.0,,2275,Valentia Observatory
2015,4,10.0,20.2,2.0,14.1,5.8,54.0,-2.3,8.0,44.0,,2275,Valentia Observatory
2015,5,10.5,16.5,4.5,13.0,8.0,127.6,0.3,10.3,40.0,,2275,Valentia Observatory
2015,6,13.0,18.5,6.3,15.7,10.4,81.4,1.9,8.5,45.0,,2275,Valentia Observatory
2015,7,14.3,20.5,9.2,16.5,12.0,120.5,5.3,9.9,38.0,,2275,Valentia Observatory
2015,8,13.8,18.3,6.3,16.5,11.1,126.0,2.5,8.2,42.0,,2275,Valentia Observatory
2015,9,13.5,19.5,6.6,16.1,10.9,148.9,2.1,8.1,33.0,,2275,Valentia Observatory
2015,10,11.9,17.6,3.8,14.8,9.1,96.1,-0.3,7.5,43.0,,2275,Valentia Observatory
2015,11,10.8,19.5,3.0,13.4,8.3,199.9,-0.9,13.6,58.0,,2275,Valentia Observatory
2015,12,10.0,14.7,3.7,12.5,7.5,339.0,-0.7,14.8,58.0,,2275,Valentia Observatory
2016,1,8.1,13.2,2.3,10.2,6.1,293.8,-1.0,12.4,56.0,,2275,Valentia Observatory
2016,2,6.7,12.3,-0.3,9.3,4.0,190.6,-4.9,12.2,66.0,,2275,Valentia Observatory
2016,3,7.5,13.4,-0.5,10.4,4.6,104.6,-5.0,9.6,63.0,,2275,Valentia Observatory
2016,4,8.4,17.9,1.2,11.7,5.1,104.0,-2.3,8.3,46.0,,2275,Valentia Observatory
2016,5,12.1,23.0,3.0,15.5,8.8,77.9,-0.2,7.4,40.0,,2275,Valentia Observatory
2016,6,14.5,21.4,7.3,17.2,11.8,108.0,4.0,8.2,32.0,,2275,Valentia Observatory
2016,7,15.2,25.2,8.5,17.3,13.0,83.3,5.5,8.2,35.0,,2275,Valentia Observatory
2016,8,15.6,24.1,10.7,18.1,13.2,105.1,7.7,9.2,42.0,,2275,Valentia Observatory
2016,9,14.4,20.4,6.9,16.9,11.8,182.7,2.3,9.0,43.0,,2275,Valentia Observatory
2016,10,12.0,17.4,2.9,14.5,9.4,186.4,-1.6,7.9,39.0,,2275,Valentia Observatory
2016,11,7.7,14.0,-2.2,10.7,4.7,76.7,-7.1,8.1,52.0,,2275,Valentia Observatory
2016,12,9.2,13.7,-0.8,11.6,6.8,103.8,-6.4,9.7,46.0,,2275,Valentia Observatory
2017,1,7.8,12.6,-2.1,10.1,5.5,167.2,-7.1,8.7,54.0,,2275,Valentia Observatory
2017,2,8.1,13.3,0.9,10.4,5.7,138.7,-3.9,11.5,51.0,,2275,Valentia Observatory
2017,3,9.4,18.8,1.5,11.9,6.9,135.1,-1.2,10.9,59.0,,2275,Valentia Observatory
2017,4,9.3,16.1,2.2,12.6,6.1,51.4,-1.4,7.1,38.0,,2275,Valentia Observatory
2017,5,12.5,22.5,5.1,15.8,9.3,77.8,0.9,7.8,37.0,,2275,Valentia Observatory
2017,6,14.1,26.0,7.2,16.5,11.7,141.5,2.8,10.0,40.0,,2275,Valentia Observatory
2017,7,14.8,24.3,7.5,17.4,12.3,108.4,2.6,7.9,39.0,,2275,Valentia Observatory
2017,8,14.7,18.7,9.6,17.0,12.4,102.8,5.6,8.5,35.0,,2275,Valentia Observatory
2017,9,13.3,20.0,5.5,16.0,10.6,204.4,1.1,9.5,49.0,,2275,Valentia Observatory
2017,10,12.4,19.4,6.0,15.0,9.9,162.2,2.2,10.3,57.0,,2275,Valentia Observatory
2017,11,9.2,15.1,-0.1,11.7,6.6,107.4,-4.7,9.2,47.0,,2275,Valentia Observatory
2017,12,8.0,14.0,0.9,10.5,5.4,198.8,-3.2,11.0,55.0,,2275,Valentia Observatory
2018,1,7.9,13.3,-0.8,10.4,5.4,238.2,-5.4,13.7,62.0,,2275,Valentia Observatory
2018,2,5.7,11.9,-3.0,8.4,3.1,119.1,-5.0,,48.0,,2275,Valentia Observatory
2018,3,5.7,13.9,-5.0,8.7,2.6,130.6,-7.0,8.7,41.0,,2275,Valentia Observatory
2018,4,9.2,14.8,0.5,12.0,6.4,204.5,-3.7,9.5,44.0,,2275,Valentia Observatory
2018,5,12.1,21.4,3.8,15.0,9.2,114.3,0.6,7.9,40.0,,2275,Valentia Observatory
2018,6,15.3,28.4,6.2,19.1,11.5,39.2,1.8,6.8,43.0,,2275,Valentia Observatory
2018,7,16.2,23.9,8.4,19.5,12.9,50.1,4.1,6.9,30.0,,2275,Valentia Observatory
2018,8,15.0,20.1,5.8,17.4,12.7,109.4,4.8,8.4,33.0,,2275,Valentia Observatory
2018,9,12.9,20.3,3.0,15.7,10.1,118.8,-1.5,8.9,57.0,,2275,Valentia Observatory
2018,10,10.6,17.4,2.1,13.3,7.8,114.7,-2.1,8.6,64.0,,2275,Valentia Observatory
2018,11,9.5,14.5,0.9,11.9,7.2,253.4,-3.0,11.1,56.0,,2275,Valentia Observatory
2018,12,9.9,14.2,0.5,12.1,7.7,278.6,-3.3,11.4,60.0,,2275,Valentia Observatory
2019,1,8.2,12.1,0.1,9.9,6.5,134.3,-3.4,9.2,53.0,,2275,Valentia Observatory
2019,2,9.2,17.2,-1.3,11.7,6.7,149.8,-6.2,12.9,50.0,,2275,Valentia Observatory
2019,3,8.1,13.1,1.1,11.0,5.2,175.3,-1.9,11.4,54.0,,2275,Valentia Observatory
2019,4,10.4,20.4,-1.0,13.3,7.4,96.8,-4.9,10.3,62.0,,2275,Valentia Observatory
2019,5,11.3,18.0,2.1,14.5,8.2,49.0,-1.4,8.2,36.0,,2275,Valentia Observatory
2019,6,13.3,28.0,4.2,16.3,10.2,58.0,1.5,8.6,37.0,,2275,Valentia Observatory
2019,7,15.9,20.7,8.1,18.6,13.2,83.7,4.3,7.8,37.0,,2275,Valentia Observatory
2019,8,15.5,20.3,8.9,17.9,13.0,203.9,6.3,10.1,37.0,,2275,Valentia Observatory
2019,9,14.2,20.8,6.9,16.9,11.4,176.9,3.5,9.2,38.0,,2275,Valentia Observatory
2019,10,11.1,16.2,3.1,13.5,8.7,202.4,-0.7,9.7,46.0,,2275,Valentia Observatory
2019,11,8.1,14.1,-0.4,10.7,5.6,171.7,-3.5,10.0,50.0,,2275,Valentia Observatory
2019,12,8.2,13.4,-1.2,10.7,5.8,199.8,-4.4,12.0,62.0,,2275,Valentia Observatory
2020,1,7.9,13.4,0.2,10.1,5.6,146.3,-4.5,11.1,57.0,,2275,Valentia Observatory
2020,2,7.6,12.8,2.2,10.0,5.1,237.6,-0.9,17.2,62.0,,2275,Valentia Observatory
2020,3,7.6,14.9,0.4,10.4,4.9,115.8,-3.1,11.3,56.0,,2275,Valentia Observatory
2020,4,10.4,19.5,1.1,14.3,6.5,60.1,-2.6,6.4,50.0,,2275,Valentia Observatory
2020,5,12.4,24.1,1.7,15.9,8.9,52.6,-2.3,8.8,49.0,,2275,Valentia Observatory
2020,6,13.4,21.9,8.0,15.9,11.0,127.4,5.4,9.0,40.0,,2275,Valentia Observatory
2020,7,14.4,18.7,6.0,16.6,12.2,214.0,2.6,9.3,36.0,,2275,Valentia Observatory
2020,8,15.7,21.2,8.6,18.4,13.0,219.7,5.7,8.0,45.0,,2275,Valentia Observatory
2020,9,14.1,23.3,4.6,17.1,11.2,94.5,1.6,8.1,60.0,,2275,Valentia Observatory
2020,10,11.3,15.8,3.4,13.6,8.9,228.1,-0.9,11.6,47.0,,2275,Valentia Observatory
2020,11,9.8,15.0,1.4,12.3,7.3,201.2,-2.5,10.3,50.0,,2275,Valentia Observatory
2020,12,7.3,12.4,-1.2,9.9,4.8,244.2,-5.9,11.9,53.0,,2275,Valentia Observatory
2021,1,6.3,12.4,-2.1,8.8,3.8,152.8,-6.8,8.3,48.0,,2275,Valentia Observatory
2021,2,7.7,12.9,-0.4,9.8,5.7,228.2,-4.3,12.5,51.0,,2275,Valentia Observatory
2021,3,8.4,16.1,-0.0,11.1,5.7,88.8,-3.5,10.2,56.0,,2275,Valentia Observatory
2021,4,9.1,21.2,0.2,13.0,5.2,30.5,-3.7,7.6,36.0,,2275,Valentia Observatory
2021,5,10.0,18.8,0.5,13.1,6.8,174.0,-4.6,9.2,43.0,,2275,Valentia Observatory
2021,6,13.1,18.3,7.1,15.6,10.6,63.4,3.0,7.6,30.0,,2275,Valentia Observatory
2021,7,16.6,28.3,10.9,19.5,13.6,53.6,7.8,6.3,31.0,,2275,Valentia Observatory
2021,8,15.7,23.0,9.1,18.4,13.0,89.1,5.7,7.1,36.0,,2275,Valentia Observatory
2021,9,15.4,27.9,9.2,17.9,12.9,121.8,5.1,6.9,33.0,,2275,Valentia Observatory
2021,10,12.4,17.5,5.1,14.8,9.9,264.9,0.9,9.2,50.0,,2275,Valentia Observatory
2021,11,9.9,15.0,-0.9,12.1,7.7,93.3,-5.3,8.6,46.0,,2275,Valentia Observatory
2021,12,9.1,14.2,2.1,11.4,6.8,187.9,-2.0,11.0,70.0,,2275,Valentia Observatory
2022,1,8.2,14.8,-0.6,10.9,5.4,74.6,-4.4,9.0,50.0,,2275,Valentia Observatory
2022,2,8.6,13.2,2.2,11.0,6.1,145.6,-1.3,14.4,58.0,,2275,Valentia Observatory
2022,3,8.3,18.4,-1.0,12.2,4.3,73.0,-6.9,8.4,48.0,,2275,Valentia Observatory
2022,4,9.8,17.2,-0.8,13.1,6.5,82.7,-4.4,8.5,42.0,,2275,Valentia Observatory
2022,5,12.5,17.5,6.4,15.2,9.9,74.4,2.9,9.2,39.0,,2275,Valentia Observatory
2022,6,13.7,19.0,7.1,16.2,11.3,146.0,3.1,9.2,34.0,,2275,Valentia Observatory
2022,7,15.7,25.0,11.3,18.2,13.2,57.5,8.4,7.0,29.0,,2275,Valentia Observatory
2022,8,16.2,25.5,8.4,19.7,12.7,68.6,5.3,6.3,28.0,,2275,Valentia Observatory
2022,9,14.4,21.5,6.1,17.6,11.2,175.8,1.5,7.7,54.0,,2275,Valentia Observatory
2022,10,13.2,18.7,4.7,15.6,10.9,255.9,0.8,10.8,50.0,,2275,Valentia Observatory
2022,11,10.5,15.7,1.8,12.7,8.2,354.8,-1.6,13.0,50.0,,2275,Valentia Observatory
2022,12,6.4,13.3,-4.5,9.1,3.7,169.8,-8.6,9.2,44.0,,2275,Valentia Observatory
2023,1,7.7,13.0,-0.5,10.1,5.2,196.6,-4.8,10.3,53.0,,2275,Valentia Observatory
2023,2,8.8,12.8,0.9,10.8,6.9,62.0,-3.0,9.5,38.0,,2275,Valentia Observatory
2023,3,8.3,14.1,-0.2,10.8,5.8,239.2,-3.1,10.7,42.0,,2275,Valentia Observatory
2023,4,10.3,17.6,2.2,13.0,7.7,77.7,-1.8,9.4,53.0,,2275,Valentia Observatory
2023,5,13.0,23.0,4.8,16.3,9.7,57.5,1.7,7.2,36.0,,2275,Valentia Observatory
2023,6,16.4,23.2,8.5,19.8,13.1,124.5,4.0,7.2,32.0,,2275,Valentia Observatory
2023,7,15.3,19.1,10.5,17.4,13.3,170.3,7.5,9.9,49.0,,2275,Valentia Observatory
2023,8,15.9,22.3,9.0,18.0,13.7,177.1,6.0,8.8,35.0,,2275,Valentia Observatory
2023,9,15.6,27.6,6.3,18.7,12.5,189.3,3.5,8.8,52.0,,2275,Valentia Observatory
2023,10,12.8,20.5,4.6,15.2,10.3,253.1,1.1,8.0,46.0,,2275,Valentia Observatory
2023,11,9.8,14.5,0.0,11.8,7.9,165.0,-2.1,11.3,49.0,,2275,Valentia Observatory
2023,12,9.2,13.5,-1.9,11.1,7.4,232.3,-6.5,13.2,50.0,,2275,Valentia Observatory
2024,1,6.3,13.8,-3.9,9.2,3.3,126.9,-7.9,9.6,62.0,,2275,Valentia Observatory
2024,2,9.2,13.0,3.0,11.1,7.2,183.2,-1.3,11.0,48.0,,2275,Valentia Observatory
2024,3,8.7,14.1,2.8,11.1,6.3,239.8,0.4,10.7,51.0,,2275,Valentia Observatory
2024,4,10.0,16.1,4.3,12.5,7.4,124.1,0.2,9.9,50.0,,2275,Valentia Observatory
2024,5,12.7,20.5,5.5,15.6,9.7,57.1,1.0,7.0,36.0,,2275,Valentia Observatory
2024,6,12.9,18.5,5.2,15.7,10.1,73.5,-0.2,8.4,32.0,,2275,Valentia Observatory
2024,7,14.5,19.8,6.8,17.2,11.8,76.1,3.2,7.5,29.0,,2275,Valentia Observatory
2024,8,15.4,23.1,7.0,17.9,12.8,146.9,3.4,10.1,45.0,,2275,Valentia Observatory
2024,9,13.8,22.2,5.8,16.8,10.9,84.0,2.3,7.7,42.0,,2275,Valentia Observatory
2024,10,12.3,16.9,2.3,14.9,9.8,202.8,-1.4,8.8,58.0,,2275,Valentia Observatory
2024,11,10.8,17.6,-0.3,13.2,8.4,196.3,-4.7,8.7,45.0,,2275,Valentia Observatory
2024,12,9.1,14.1,-0.9,11.1,7.1,141.6,-5.2,10.6,60.0,,2275,Valentia Observatory
2025,1,7.1,13.0,-2.4,9.6,4.6,198.8,-7.1,10.0,74.0,,2275,Valentia Observatory
2025,2,8.8,14.0,0.6,10.9,6.6,192.1,-3.8,11.7,59.0,,2275,Valentia Observatory
2025,3,9.6,18.5,-0.6,12.4,6.7,52.8,-5.0,8.3,37.0,,2275,Valentia Observatory
2025,4,11.6,24.7,0.3,15.2,7.9,97.4,-4.1,7.9,36.0,,2275,Valentia Observatory
2025,5,13.1,22.2,4.0,17.0,9.2,53.3,0.1,7.7,34.0,,2275,Valentia Observatory
2025,6,14.6,26.4,6.9,17.1,12.0,125.4,3.2,8.9,37.0,,2275,Valentia Observatory
2025,7,15.9,26.0,8.1,18.4,13.4,109.4,4.5,7.7,37.0,,2275,Valentia Observatory
2025,8,17.0,25.2,11.2,19.6,14.5,129.4,8.3,8.2,36.0,,2275,Valentia Observatory
2025,9,13.5,17.9,4.2,16.1,10.9,218.0,-0.4,10.2,47.0,,2275,Valentia Observatory
2025,10,12.3,17.9,6.1,14.4,10.2,198.1,2.1,10.3,52.0,,2275,Valentia Observatory
2025,11,9.8,15.0,-0.2,12.6,7.0,234.7,-3.8,9.2,42.0,,2275,Valentia Observatory
2025,12,7.9,15.3,-1.9,10.5,5.3,200.0,-7.3,9.3,47.0,,2275,Valentia Observatory
2026,1,6.5,12.8,-2.0,9.3,3.7,215.1,-5.9,8.0,43.0,,2275,Valentia Observatory
2026,2,9.1,13.9,-1.9,11.2,6.9,116.9,-5.5,10.8,50.0,,2275,Valentia Observatory
2026,3,8.7,19.1,0.5,11.7,5.6,141.3,-3.3,10.8,48.0,,2275,Valentia Observatory
2026,4,10.4,20.3,1.9,13.7,7.2,151.1,-1.1,10.4,60.0,,2275,Valentia Observatory
2026,5,12.5,29.6,3.9,15.4,9.6,81.0,-0.4,8.8,33.0,,2275,Valentia Observatory
2026,6,14.7,28.5,8.8,17.4,12.0,125.7,4.5,9.2,40.0,,2275,Valentia Observatory
2026,7,17.5,30.0,9.6,21.1,13.9,14.0,6.6,6.2,28.0,,2275,Valentia Observatory
